Date,Close
02-01-2017,14483.25
03-01-2017,14609.84961
04-01-2017,14681.25
05-01-2017,14876.15039
06-01-2017,14854.2002
09-01-2017,14873.4502
10-01-2017,14984.2998
11-01-2017,15159.75
12-01-2017,15192.90039
13-01-2017,15178.65039
16-01-2017,15239.34961
17-01-2017,15243.2998
18-01-2017,15329.65039
19-01-2017,15370.2002
20-01-2017,15117.15039
23-01-2017,15188.75
24-01-2017,15339.25
25-01-2017,15506.7998
27-01-2017,15641.34961
30-01-2017,15638.65039
31-01-2017,15413.7002
01-02-2017,15726.15039
02-02-2017,15831.5498
03-02-2017,16035.2002
06-02-2017,16174
07-02-2017,16101.7002
08-02-2017,16175.2998
09-02-2017,16246.34961
10-02-2017,16227.7002
13-02-2017,16131.2998
14-02-2017,16092
15-02-2017,15833.84961
16-02-2017,16095.7002
17-02-2017,16169.2998
20-02-2017,16349.9502
21-02-2017,16452.5
22-02-2017,16353.5
23-02-2017,16357.65039
27-02-2017,16377.40039
28-02-2017,16480.5
01-03-2017,16539.30078
02-03-2017,16289.09961
03-03-2017,16364.0498
06-03-2017,16464.5
07-03-2017,16469.75
08-03-2017,16362.7998
09-03-2017,16333.15039
10-03-2017,16291.2002
14-03-2017,16526.90039
15-03-2017,16663.80078
16-03-2017,16893.30078
17-03-2017,16901.69922
20-03-2017,16962.25
21-03-2017,16926.05078
22-03-2017,16721.80078
23-03-2017,16893.05078
24-03-2017,16936.09961
27-03-2017,16928.15039
28-03-2017,17034.30078
29-03-2017,17054.40039
30-03-2017,17110.30078
31-03-2017,17197.15039
03-04-2017,17332.90039
05-04-2017,17467.09961
06-04-2017,17469.30078
07-04-2017,17398.15039
10-04-2017,17472.09961
11-04-2017,17700.09961
12-04-2017,17595.40039
13-04-2017,17550.30078
17-04-2017,17629.90039
18-04-2017,17510.65039
19-04-2017,17636.09961
20-04-2017,17796.09961
21-04-2017,17800.34961
24-04-2017,17910.25
25-04-2017,18062.19922
26-04-2017,18022.59961
27-04-2017,18006.55078
28-04-2017,18086.44922
02-05-2017,18187.80078
03-05-2017,18126.19922
04-05-2017,18228.25
05-05-2017,18048.59961
08-05-2017,18162.84961
09-05-2017,18255.5
10-05-2017,18357
11-05-2017,18361.40039
12-05-2017,18240.40039
15-05-2017,18405.94922
16-05-2017,18498.30078
17-05-2017,18449.59961
18-05-2017,18030.25
19-05-2017,17921.34961
22-05-2017,17720.59961
23-05-2017,17424.84961
24-05-2017,17120.55078
25-05-2017,17345.34961
26-05-2017,17586.44922
29-05-2017,17225.94922
30-05-2017,17411.5
31-05-2017,17509.90039
01-06-2017,17618.05078
02-06-2017,17769.65039
05-06-2017,17828
06-06-2017,17733.65039
07-06-2017,17855.75
08-06-2017,17904.44922
09-06-2017,17993.90039
12-06-2017,17878.90039
13-06-2017,17881.5
14-06-2017,17931.59961
15-06-2017,17983.59961
16-06-2017,18002.55078
19-06-2017,17996.40039
20-06-2017,18016.05078
21-06-2017,18045.84961
22-06-2017,17907.90039
23-06-2017,17686.30078
27-06-2017,17455.59961
28-06-2017,17522.94922
29-06-2017,17601.30078
30-06-2017,17729.75
03-07-2017,17903.94922
04-07-2017,17866.90039
05-07-2017,18043.75
06-07-2017,18081.05078
07-07-2017,18104.19922
10-07-2017,18258.44922
11-07-2017,18098.69922
12-07-2017,18223.09961
13-07-2017,18277.15039
14-07-2017,18278.84961
17-07-2017,18311.09961
18-07-2017,18216.59961
19-07-2017,18344.19922
20-07-2017,18291.40039
21-07-2017,18262.19922
24-07-2017,18303.80078
25-07-2017,18377.34961
26-07-2017,18429.25
27-07-2017,18376.75
28-07-2017,18468.90039
31-07-2017,18514.59961
01-08-2017,18513.44922
02-08-2017,18517.94922
03-08-2017,18317.55078
04-08-2017,18365.25
07-08-2017,18570.44922
08-08-2017,18345.69922
09-08-2017,18040
10-08-2017,17462.84961
11-08-2017,17360.75
14-08-2017,17853.65039
16-08-2017,18088.69922
17-08-2017,18125.80078
18-08-2017,18044.5
21-08-2017,17781.55078
22-08-2017,17646.44922
23-08-2017,17856.65039
24-08-2017,17963.94922
28-08-2017,18159.65039
29-08-2017,17956.30078
30-08-2017,18211.40039
31-08-2017,18277.44922
01-09-2017,18505.25
04-09-2017,18367.5
05-09-2017,18557
06-09-2017,18563.30078
07-09-2017,18619.25
08-09-2017,18573.94922
11-09-2017,18734.84961
12-09-2017,18931.40039
13-09-2017,18821.69922
14-09-2017,18936.44922
15-09-2017,18951.94922
18-09-2017,19088.80078
19-09-2017,19098.30078
20-09-2017,19055.15039
21-09-2017,18934.65039
22-09-2017,18393.84961
25-09-2017,18151.44922
26-09-2017,18260.44922
27-09-2017,17840.80078
28-09-2017,17941.30078
29-09-2017,18107.94922
03-10-2017,18201.15039
04-10-2017,18262.59961
05-10-2017,18363
06-10-2017,18528.19922
09-10-2017,18524.25
10-10-2017,18678.65039
11-10-2017,18480.34961
12-10-2017,18683.30078
13-10-2017,18723.34961
16-10-2017,18779.09961
17-10-2017,18887.90039
18-10-2017,18867.5
19-10-2017,18789.90039
23-10-2017,18845
24-10-2017,18908.40039
25-10-2017,19212.09961
26-10-2017,19341.40039
27-10-2017,19341.19922
30-10-2017,19555.34961
31-10-2017,19578.40039
01-11-2017,19686.65039
02-11-2017,19728.5
03-11-2017,19778.75
06-11-2017,19807.80078
07-11-2017,19488.25
08-11-2017,19363.44922
09-11-2017,19594.80078
10-11-2017,19575.94922
13-11-2017,19483.44922
14-11-2017,19442.90039
15-11-2017,19230.09961
16-11-2017,19440.90039
17-11-2017,19642.59961
20-11-2017,19798.30078
21-11-2017,19830.30078
22-11-2017,19825.80078
23-11-2017,19884.19922
24-11-2017,19984.25
27-11-2017,20085.19922
28-11-2017,20098.34961
29-11-2017,20035.15039
30-11-2017,19895.15039
01-12-2017,19691.69922
04-12-2017,19750.19922
05-12-2017,19755.90039
06-12-2017,19551.94922
07-12-2017,19831.15039
08-12-2017,20014.75
11-12-2017,20120.59961
12-12-2017,19947
13-12-2017,19754.90039
14-12-2017,19760.59961
15-12-2017,19962.30078
18-12-2017,20129.80078
19-12-2017,20421.75
20-12-2017,20550.19922
21-12-2017,20771.5
22-12-2017,20834
26-12-2017,21004.69922
27-12-2017,20979.75
28-12-2017,20991.30078
29-12-2017,21133.5
01-01-2018,21109.80078
02-01-2018,20959.69922
03-01-2018,21101.30078
04-01-2018,21308.34961
05-01-2018,21499.84961
08-01-2018,21719.05078
09-01-2018,21693.40039
10-01-2018,21662.25
11-01-2018,21719.19922
12-01-2018,21694.55078
15-01-2018,21697.34961
16-01-2018,21297.25
17-01-2018,21516.44922
18-01-2018,21098
19-01-2018,21308.80078
22-01-2018,21507.5
23-01-2018,21731.80078
24-01-2018,21637.05078
25-01-2018,21455.75
29-01-2018,21272.84961
30-01-2018,21102.5
31-01-2018,20785.19922
01-02-2018,20657.40039
02-02-2018,19760.34961
05-02-2018,19721.65039
06-02-2018,19402.15039
07-02-2018,19480.19922
08-02-2018,19827.59961
09-02-2018,19872.25
12-02-2018,20149.59961
14-02-2018,20152.05078
15-02-2018,19927.59961
16-02-2018,19701.30078
19-02-2018,19490.65039
20-02-2018,19486.69922
21-02-2018,19474.80078
22-02-2018,19375.09961
23-02-2018,19708.40039
26-02-2018,19854.75
27-02-2018,19681.94922
28-02-2018,19664.90039
01-03-2018,19512.30078
05-03-2018,19327.40039
06-03-2018,19097.55078
07-03-2018,18795.30078
08-03-2018,18887.19922
09-03-2018,18773.15039
12-03-2018,18960.75
13-03-2018,19107.65039
14-03-2018,19183.69922
15-03-2018,19258.84961
16-03-2018,19055.44922
19-03-2018,18764.34961
20-03-2018,18836.5
21-03-2018,18906.75
22-03-2018,18747.80078
23-03-2018,18474
26-03-2018,18712.75
27-03-2018,18959.44922
28-03-2018,18757
02-04-2018,19097.40039
03-04-2018,19266.05078
04-04-2018,19040.84961
05-04-2018,19418.94922
06-04-2018,19519.25
09-04-2018,19594.69922
10-04-2018,19630.94922
11-04-2018,19633.19922
12-04-2018,19571.55078
13-04-2018,19676.19922
16-04-2018,19834.34961
17-04-2018,19860.25
18-04-2018,19841.44922
19-04-2018,19974.09961
20-04-2018,19905.75
23-04-2018,20006.44922
24-04-2018,19994.15039
25-04-2018,19912.90039
26-04-2018,19987
27-04-2018,20120.80078
30-04-2018,20290.30078
02-05-2018,19987.75
03-05-2018,19775
04-05-2018,19720
07-05-2018,19867.75
08-05-2018,19839.05078
09-05-2018,19733.84961
10-05-2018,19423.90039
11-05-2018,19507.09961
14-05-2018,19275.25
15-05-2018,19097.09961
16-05-2018,19082.90039
17-05-2018,19153.30078
18-05-2018,18891.80078
21-05-2018,18571.25
22-05-2018,18619.19922
23-05-2018,18506.80078
24-05-2018,18427.65039
25-05-2018,18787.40039
28-05-2018,19051.55078
29-05-2018,18985.05078
30-05-2018,18975.30078
31-05-2018,18903.30078
01-06-2018,18635.69922
04-06-2018,18428.09961
05-06-2018,18194.59961
06-06-2018,18452.69922
07-06-2018,18734.15039
08-06-2018,18830.59961
11-06-2018,18825.09961
12-06-2018,18985.5
13-06-2018,18919.44922
14-06-2018,18934.19922
15-06-2018,18812.59961
18-06-2018,18746.59961
19-06-2018,18518.09961
20-06-2018,18613.30078
21-06-2018,18507.19922
22-06-2018,18595.84961
25-06-2018,18494.80078
26-06-2018,18460.09961
27-06-2018,18182.75
28-06-2018,17844.65039
29-06-2018,18181.30078
02-07-2018,18063.75
03-07-2018,18229.80078
04-07-2018,18255.80078
05-07-2018,18128.09961
06-07-2018,18222.05078
09-07-2018,18512.94922
10-07-2018,18646.19922
11-07-2018,18555.05078
12-07-2018,18473.84961
13-07-2018,18263
16-07-2018,17794
17-07-2018,18209.09961
18-07-2018,18017.94922
19-07-2018,17887.44922
20-07-2018,18055.15039
23-07-2018,18255.19922
24-07-2018,18496.69922
25-07-2018,18505.25
26-07-2018,18614.25
27-07-2018,18781.44922
30-07-2018,18801.84961
31-07-2018,18876.90039
01-08-2018,18905.25
02-08-2018,18926.44922
03-08-2018,19112.69922
06-08-2018,19199.19922
07-08-2018,19145.55078
08-08-2018,19142.80078
09-08-2018,19236.69922
10-08-2018,19135.94922
13-08-2018,19012.40039
14-08-2018,19239.19922
16-08-2018,19221.25
17-08-2018,19443
20-08-2018,19598.40039
21-08-2018,19634.05078
23-08-2018,19599.5
24-08-2018,19542.05078
27-08-2018,19773.84961
28-08-2018,19718.40039
29-08-2018,19826.69922
30-08-2018,19851.84961
31-08-2018,19920.44922
03-09-2018,19866.69922
04-09-2018,19326.90039
05-09-2018,19245.55078
06-09-2018,19327.05078
07-09-2018,19579.25
10-09-2018,19241.84961
11-09-2018,18983.05078
12-09-2018,19046.55078
14-09-2018,19389.15039
17-09-2018,19262.75
18-09-2018,18992.75
19-09-2018,18816.75
21-09-2018,18347.5
24-09-2018,17847.90039
25-09-2018,17864.5
26-09-2018,17920.75
27-09-2018,17509.84961
28-09-2018,17154.34961
01-10-2018,17285.30078
03-10-2018,17085.75
04-10-2018,16736.5
05-10-2018,16299.75
08-10-2018,16055.40039
09-10-2018,16003.75
10-10-2018,16666.5
11-10-2018,16277.15039
12-10-2018,16746
15-10-2018,16902.09961
16-10-2018,17163.5
17-10-2018,16774.90039
19-10-2018,16514.94922
22-10-2018,16308.15039
23-10-2018,16167.5
24-10-2018,16378.5
25-10-2018,16276.0498
26-10-2018,16256.59961
29-10-2018,16750.05078
30-10-2018,16865.80078
31-10-2018,17189.15039
01-11-2018,17338.94922
02-11-2018,17430.94922
05-11-2018,17363.19922
06-11-2018,17265.65039
07-11-2018,17397.90039
09-11-2018,17605.5
12-11-2018,17439.25
13-11-2018,17489.59961
14-11-2018,17483.90039
15-11-2018,17568.65039
16-11-2018,17507.84961
19-11-2018,17591.94922
20-11-2018,17419.90039
21-11-2018,17507.15039
22-11-2018,17347.19922
26-11-2018,17380.94922
27-11-2018,17469.40039
28-11-2018,17305.19922
29-11-2018,17394.19922
30-11-2018,17503.59961
03-12-2018,17629.94922
04-12-2018,17588.55078
05-12-2018,17331.19922
06-12-2018,17050.40039
07-12-2018,17054.5
10-12-2018,16693.69922
11-12-2018,16972.05078
12-12-2018,17419.80078
13-12-2018,17539.55078
14-12-2018,17591.59961
17-12-2018,17672.30078
18-12-2018,17738.5
19-12-2018,17968.19922
20-12-2018,17989.15039
21-12-2018,17704.80078
24-12-2018,17587.65039
26-12-2018,17572.59961
27-12-2018,17631.05078
28-12-2018,17792.84961
31-12-2018,17875.5
01-01-2019,17893.5
02-01-2019,17676.84961
03-01-2019,17530.25
04-01-2019,17636.59961
07-01-2019,17658.15039
08-01-2019,17634.40039
09-01-2019,17621.30078
10-01-2019,17691.15039
11-01-2019,17655.65039
14-01-2019,17587.5
15-01-2019,17705.05078
16-01-2019,17685.84961
17-01-2019,17635.84961
18-01-2019,17517.19922
21-01-2019,17378.19922
22-01-2019,17359.15039
23-01-2019,17340
24-01-2019,17281.15039
25-01-2019,17012.5
28-01-2019,16655.65039
29-01-2019,16706.55078
30-01-2019,16792.30078
31-01-2019,16904.75
01-02-2019,16990.25
04-02-2019,16840
05-02-2019,16710
06-02-2019,16720.80078
07-02-2019,16845
08-02-2019,16597.19922
11-02-2019,16319.59961
12-02-2019,16328.15039
14-02-2019,16372.25
15-02-2019,16214.65039
18-02-2019,16063.34961
19-02-2019,16132.75
20-02-2019,16299.65039
21-02-2019,16476.30078
22-02-2019,16543.15039
25-02-2019,16601.90039
26-02-2019,16578.5
27-02-2019,16645.40039
28-02-2019,16721.09961
01-03-2019,16962.44922
05-03-2019,17363.65039
06-03-2019,17463.90039
07-03-2019,17411.75
08-03-2019,17379.15039
11-03-2019,17750.44922
12-03-2019,17831.94922
13-03-2019,17733.44922
14-03-2019,17748.5
15-03-2019,17863.25
18-03-2019,17814.40039
19-03-2019,17936.94922
20-03-2019,17847
22-03-2019,17741.15039
25-03-2019,17606.15039
26-03-2019,17806.25
27-03-2019,17898.5
28-03-2019,18083.44922
01-04-2019,18333.05078
02-04-2019,18338.90039
03-04-2019,18136.19922
04-04-2019,18098.75
05-04-2019,18246.34961
08-04-2019,18101.75
09-04-2019,18127.05078
10-04-2019,18075.65039
11-04-2019,18091.94922
12-04-2019,18167.90039
15-04-2019,18253.5
16-04-2019,18248.44922
18-04-2019,18077.84961
22-04-2019,17761.25
23-04-2019,17779.05078
24-04-2019,17844.44922
25-04-2019,17774.80078
26-04-2019,17727.94922
30-04-2019,17566.40039
02-05-2019,17460.5
03-05-2019,17465
06-05-2019,17335.75
07-05-2019,17133.80078
08-05-2019,16965.19922
09-05-2019,16950.59961
10-05-2019,17029.44922
13-05-2019,16656.59961
14-05-2019,16737.25
15-05-2019,16624.09961
16-05-2019,16673.44922
17-05-2019,16875.40039
20-05-2019,17561.94922
21-05-2019,17360.94922
22-05-2019,17348.15039
23-05-2019,17318.09961
24-05-2019,17699.80078
27-05-2019,17995.75
28-05-2019,17993.94922
29-05-2019,17856.25
30-05-2019,17997.25
31-05-2019,17959.05078
03-06-2019,18132.34961
04-06-2019,18118.75
06-06-2019,17819.40039
07-06-2019,17781.84961
10-06-2019,17791.30078
11-06-2019,17912
12-06-2019,17770.19922
13-06-2019,17727.19922
14-06-2019,17564.55078
17-06-2019,17358.94922
18-06-2019,17331.40039
19-06-2019,17145.09961
20-06-2019,17427.09961
21-06-2019,17412.44922
24-06-2019,17353
25-06-2019,17473.44922
26-06-2019,17644.15039
27-06-2019,17717.55078
28-06-2019,17654.09961
01-07-2019,17684.34961
02-07-2019,17750.30078
03-07-2019,17820.05078
04-07-2019,17814.09961
05-07-2019,17529.69922
08-07-2019,17056.25
09-07-2019,17118.09961
10-07-2019,16942.65039
11-07-2019,17067.05078
12-07-2019,17146.25
15-07-2019,17008.44922
16-07-2019,17136.65039
17-07-2019,17080.09961
18-07-2019,16791
19-07-2019,16430.09961
22-07-2019,16337.09961
23-07-2019,16243.7002
24-07-2019,16002.59961
25-07-2019,16066.15039
26-07-2019,16165.34961
29-07-2019,16012.0498
30-07-2019,15704.7002
31-07-2019,15921.2002
01-08-2019,15754.5
02-08-2019,15709.25
05-08-2019,15489.0498
06-08-2019,15803.75
07-08-2019,15685.2002
08-08-2019,15795.25
09-08-2019,15947.2998
13-08-2019,15601.75
14-08-2019,15765.7002
16-08-2019,15817.4502
19-08-2019,15863.7002
20-08-2019,15728.25
21-08-2019,15481.90039
22-08-2019,15174.7002
23-08-2019,15354.2998
26-08-2019,15596.84961
27-08-2019,15712.7998
28-08-2019,15560.7002
29-08-2019,15504.9502
30-08-2019,15652.2002
03-09-2019,15375.2002
04-09-2019,15450.7002
05-09-2019,15497.2002
06-09-2019,15606.9502
09-09-2019,15799.4502
11-09-2019,15940.34961
12-09-2019,15883.0498
13-09-2019,15967.40039
16-09-2019,15943.40039
17-09-2019,15630.15039
18-09-2019,15680.7998
19-09-2019,15429.15039
20-09-2019,16333.40039
23-09-2019,16745
24-09-2019,16634.30078
25-09-2019,16318.75
26-09-2019,16450.40039
27-09-2019,16271.5498
30-09-2019,16026
01-10-2019,15725.34961
03-10-2019,15715.2998
04-10-2019,15573.7002
07-10-2019,15524.34961
09-10-2019,15722.5498
10-10-2019,15540.40039
11-10-2019,15558.84961
14-10-2019,15593.2998
15-10-2019,15629.15039
16-10-2019,15605.34961
17-10-2019,15886.84961
18-10-2019,16213.5498
22-10-2019,16226.5498
23-10-2019,16247.7002
24-10-2019,16195.2998
25-10-2019,16166.7002
29-10-2019,16478.40039
30-10-2019,16583.44922
31-10-2019,16818.90039
01-11-2019,16880.75
04-11-2019,16864.34961
05-11-2019,16681.65039
06-11-2019,16681.59961
07-11-2019,16796
08-11-2019,16713.34961
11-11-2019,16812.09961
13-11-2019,16698.59961
14-11-2019,16751.19922
15-11-2019,16803.84961
18-11-2019,16931.44922
19-11-2019,16967.5
20-11-2019,16994.09961
21-11-2019,16862.34961
22-11-2019,16867.65039
25-11-2019,17061
26-11-2019,16915.19922
27-11-2019,17042.94922
28-11-2019,17211.75
29-11-2019,17222.15039
02-12-2019,17103.44922
03-12-2019,16917.84961
04-12-2019,17010.65039
05-12-2019,16980.40039
06-12-2019,16732
09-12-2019,16727.30078
10-12-2019,16512.69922
11-12-2019,16635.80078
12-12-2019,16771.5
13-12-2019,16932.40039
16-12-2019,16842.09961
17-12-2019,16938.94922
18-12-2019,16892.75
19-12-2019,16905.30078
20-12-2019,16906.44922
23-12-2019,16877.44922
24-12-2019,16852.05078
26-12-2019,16863.55078
27-12-2019,17006.30078
30-12-2019,17078.80078
31-12-2019,17102.5
02-01-2020,17391.15039
03-01-2020,17291.84961
06-01-2020,16904.5
07-01-2020,17021.55078
08-01-2020,17074.30078
09-01-2020,17319.65039
10-01-2020,17386.34961
13-01-2020,17527.5
14-01-2020,17651.65039
15-01-2020,17836.09961
16-01-2020,17985.09961
17-01-2020,18073.90039
20-01-2020,17972.75
21-01-2020,17952.05078
22-01-2020,17931
23-01-2020,18190
24-01-2020,18357.19922
27-01-2020,18291.34961
28-01-2020,18232.40039
29-01-2020,18273.09961
30-01-2020,18128.40039
31-01-2020,18010.19922
03-02-2020,17708.34961
04-02-2020,17910.09961
05-02-2020,18115.69922
06-02-2020,18246.19922
07-02-2020,18367.5
10-02-2020,18191.19922
11-02-2020,18206.19922
12-02-2020,18169.34961
13-02-2020,18125
14-02-2020,17978.80078
17-02-2020,17824.90039
18-02-2020,17725.59961
19-02-2020,17990.09961
20-02-2020,18109.84961
24-02-2020,17764.09961
25-02-2020,17699.90039
26-02-2020,17512.44922
27-02-2020,17369.5
28-02-2020,16786.34961
02-03-2020,16671.75
03-03-2020,17004.34961
04-03-2020,16746.44922
05-03-2020,16769.90039
06-03-2020,16375.15039
09-03-2020,15633.4502
11-03-2020,15494.84961
12-03-2020,14243.0498
13-03-2020,14608.09961
16-03-2020,13695.2998
17-03-2020,13349.65039
18-03-2020,12595.09961
19-03-2020,12064.5498
20-03-2020,12661.25
23-03-2020,10990.7998
24-03-2020,11110.40039
25-03-2020,11481.59961
26-03-2020,11838.5498
27-03-2020,11763.34961
30-03-2020,11446.15039
31-03-2020,11703.75
01-04-2020,11470.9502
03-04-2020,11316.75
07-04-2020,11929.5498
08-04-2020,12143.5498
09-04-2020,12553.5
13-04-2020,12375.7002
15-04-2020,12533.5
16-04-2020,12760.34961
17-04-2020,13046.7998
20-04-2020,13113.65039
21-04-2020,12708.7002
22-04-2020,12803.59961
23-04-2020,12964.65039
24-04-2020,12695.7002
27-04-2020,12893.7002
28-04-2020,13061
29-04-2020,13227.5498
30-04-2020,13502
04-05-2020,12908.40039
05-05-2020,12817.40039
06-05-2020,12899.65039
07-05-2020,12831
08-05-2020,12788.9502
11-05-2020,12863.40039
12-05-2020,12771.2998
13-05-2020,13064
14-05-2020,13018.2002
15-05-2020,12992.0498
18-05-2020,12409.34961
19-05-2020,12471.15039
20-05-2020,12664.2002
21-05-2020,12762.65039
22-05-2020,12668.0498
26-05-2020,12835.65039
27-05-2020,12911.25
28-05-2020,13129.9502
29-05-2020,13273
01-06-2020,13684.65039
02-06-2020,13870.40039
03-06-2020,13924.2998
04-06-2020,13912.7998
05-06-2020,14158.0498
08-06-2020,14222.65039
09-06-2020,14168.65039
10-06-2020,14342
11-06-2020,14157.7998
12-06-2020,14339.34961
15-06-2020,14168.5498
16-06-2020,14230.59961
17-06-2020,14246.7998
18-06-2020,14427.5498
19-06-2020,14565.84961
22-06-2020,14797.34961
23-06-2020,15022.4502
24-06-2020,14809.9502
25-06-2020,14941.40039
26-06-2020,14975.25
29-06-2020,14735.2002
30-06-2020,14704
01-07-2020,14777.7002
02-07-2020,14944.75
03-07-2020,15042.65039
06-07-2020,15297.15039
07-07-2020,15364.09961
08-07-2020,15304.4502
09-07-2020,15362.4502
10-07-2020,15253.59961
13-07-2020,15217.15039
14-07-2020,15052.34961
15-07-2020,14951.9502
16-07-2020,15033.75
17-07-2020,15242.2998
20-07-2020,15388.5498
21-07-2020,15402.34961
22-07-2020,15423.25
23-07-2020,15571.59961
24-07-2020,15528.5498
27-07-2020,15323.7998
28-07-2020,15460.09961
29-07-2020,15535.0498
30-07-2020,15405.7002
31-07-2020,15471.2998
03-08-2020,15468.7002
04-08-2020,15640.40039
05-08-2020,15725.7002
06-08-2020,15905.15039
07-08-2020,16103.34961
10-08-2020,16312.7002
11-08-2020,16256.7002
12-08-2020,16268.84961
13-08-2020,16524.80078
14-08-2020,16383.25
17-08-2020,16455.44922
18-08-2020,16660.05078
19-08-2020,16763.80078
20-08-2020,16899.94922
21-08-2020,16982.19922
24-08-2020,17101.44922
25-08-2020,17159.65039
26-08-2020,17249.44922
27-08-2020,17269.94922
28-08-2020,17369.05078
31-08-2020,16682.65039
01-09-2020,16819.40039
02-09-2020,17069.69922
03-09-2020,17214.15039
04-09-2020,16926.19922
07-09-2020,16780.25
08-09-2020,16539.90039
09-09-2020,16450.15039
10-09-2020,16653.05078
11-09-2020,16765.80078
14-09-2020,17206.5
15-09-2020,17393.34961
16-09-2020,17452.90039
17-09-2020,17410.94922
18-09-2020,17399.44922
21-09-2020,16765.19922
22-09-2020,16507.75
23-09-2020,16453.44922
24-09-2020,16039.7998
25-09-2020,16504
28-09-2020,16998.25
29-09-2020,16973.59961
30-09-2020,16983.05078
01-10-2020,17125
05-10-2020,17107.94922
06-10-2020,17216.25
07-10-2020,17128.40039
08-10-2020,17146.34961
09-10-2020,17093.25
12-10-2020,16994.65039
13-10-2020,16913.15039
14-10-2020,16886.25
15-10-2020,16599.59961
16-10-2020,16787
19-10-2020,16915.84961
20-10-2020,17023.25
21-10-2020,17065.44922
22-10-2020,17171.30078
23-10-2020,17306.19922
26-10-2020,17009.84961
27-10-2020,17217.25
28-10-2020,17047.59961
29-10-2020,16974.05078
30-10-2020,17066.5
02-11-2020,17135.19922
03-11-2020,17254.90039
04-11-2020,17367.05078
05-11-2020,17676.90039
06-11-2020,17802.75
09-11-2020,17957.40039
10-11-2020,18007.94922
11-11-2020,18075
12-11-2020,18182.90039
13-11-2020,18353.40039
17-11-2020,18652.30078
18-11-2020,18924.15039
19-11-2020,18802.30078
20-11-2020,18962.55078
23-11-2020,19211.40039
24-11-2020,19352.25
25-11-2020,19032.59961
26-11-2020,19196.44922
27-11-2020,19715.09961
01-12-2020,19903.90039
02-12-2020,20001.69922
03-12-2020,20127.25
04-12-2020,20197.30078
07-12-2020,20428.44922
08-12-2020,20439.19922
09-12-2020,20563.44922
10-12-2020,20392.69922
11-12-2020,20437.19922
14-12-2020,20571.25
15-12-2020,20668.05078
16-12-2020,20906.44922
17-12-2020,20849.40039
18-12-2020,20797.44922
21-12-2020,19797.34961
22-12-2020,19964.90039
23-12-2020,20439.94922
24-12-2020,20475.75
28-12-2020,20718.59961
29-12-2020,20695.69922
30-12-2020,20741.69922
31-12-2020,20842.5
04-01-2021,21388.5
05-01-2021,21533.94922
06-01-2021,21651.55078
07-01-2021,21964.55078
08-01-2021,22194.09961
11-01-2021,22140.09961
12-01-2021,22289.15039
13-01-2021,22155.25
14-01-2021,22169.40039
15-01-2021,21934.25
18-01-2021,21470.15039
19-01-2021,21969.19922
20-01-2021,22197.40039
21-01-2021,21927.40039
22-01-2021,21659.05078
25-01-2021,21455.19922
27-01-2021,21115.34961
28-01-2021,20989.94922
29-01-2021,20909.84961
01-02-2021,21600.90039
02-02-2021,22115.09961
03-02-2021,22434.80078
04-02-2021,22673.15039
05-02-2021,22425.90039
08-02-2021,22764.94922
09-02-2021,22747.40039
10-02-2021,22926.44922
11-02-2021,22968.09961
12-02-2021,22914.34961
15-02-2021,23213.65039
16-02-2021,23316.5
17-02-2021,23388.30078
18-02-2021,23499.19922
19-02-2021,23118.75
22-02-2021,22822.80078
23-02-2021,23053.34961
24-02-2021,23290.80078
25-02-2021,23646.80078
26-02-2021,23268.5
01-03-2021,23684.80078
02-03-2021,24086.65039
03-03-2021,24488.44922
04-03-2021,24608.34961
05-03-2021,24078.15039
08-03-2021,24149.30078
09-03-2021,24024.25
10-03-2021,24220.09961
12-03-2021,24115.59961
15-03-2021,23952.30078
16-03-2021,24048.30078
17-03-2021,23451.59961
18-03-2021,23129.84961
19-03-2021,23412.75
22-03-2021,23603.59961
23-03-2021,23808.40039
24-03-2021,23334.94922
25-03-2021,22858.55078
26-03-2021,23213.94922
30-03-2021,23609.40039
31-03-2021,23693.15039
01-04-2021,24117.75
05-04-2021,23798.59961
06-04-2021,24016.19922
07-04-2021,24333.30078
08-04-2021,24462.40039
09-04-2021,24505.69922
12-04-2021,23114.15039
13-04-2021,23516.84961
15-04-2021,23530
16-04-2021,23760.65039
19-04-2021,23256.34961
20-04-2021,23326
22-04-2021,23432.65039
23-04-2021,23492.75
26-04-2021,23675.09961
27-04-2021,24047.15039
28-04-2021,24313.5
29-04-2021,24286.44922
30-04-2021,24195.90039
03-05-2021,24263.5
04-05-2021,24167.80078
05-05-2021,24410.09961
06-05-2021,24639
07-05-2021,24545.65039
10-05-2021,24776.80078
11-05-2021,24971.75
12-05-2021,24770.40039
14-05-2021,24363.65039
17-05-2021,24812.65039
18-05-2021,25266.65039
19-05-2021,25232.80078
20-05-2021,25211.69922
21-05-2021,25413.40039
24-05-2021,25584.30078
25-05-2021,25544.34961
26-05-2021,25565.69922
27-05-2021,25704.90039
28-05-2021,25695.09961
31-05-2021,25775.44922
01-06-2021,25749.5
02-06-2021,26118
03-06-2021,26362.55078
04-06-2021,26551.59961
07-06-2021,26881.40039
08-06-2021,27042.80078
09-06-2021,26847.80078
10-06-2021,27268.44922
11-06-2021,27329.15039
14-06-2021,27198.5
15-06-2021,27364.34961
16-06-2021,27108.5
17-06-2021,26776.34961
18-06-2021,26496.30078
21-06-2021,26705.19922
22-06-2021,26732.75
23-06-2021,26675.84961
24-06-2021,26601.44922
25-06-2021,26895
28-06-2021,27036.5
29-06-2021,26901.09961
30-06-2021,26970.75
01-07-2021,26882.59961
02-07-2021,27020.09961
05-07-2021,27163
06-07-2021,27149.19922
07-07-2021,27328.34961
08-07-2021,27213.19922
09-07-2021,27382.75
12-07-2021,27503.59961
13-07-2021,27560.75
14-07-2021,27623.30078
15-07-2021,27754.69922
16-07-2021,27851.15039
19-07-2021,27625.40039
20-07-2021,27227.84961
22-07-2021,27538.34961
23-07-2021,27584.80078
26-07-2021,27573.84961
27-07-2021,27455.09961
28-07-2021,27315.30078
29-07-2021,27512.30078
30-07-2021,27815.25
02-08-2021,28250.40039
03-08-2021,28265.65039
04-08-2021,27928.19922
05-08-2021,27929.94922
06-08-2021,27945.69922
09-08-2021,27742.5
10-08-2021,27439.25
11-08-2021,27406.30078
12-08-2021,27684
13-08-2021,27600.09961
16-08-2021,27507.44922
17-08-2021,27597.80078
18-08-2021,27676.80078
20-08-2021,27124.75
23-08-2021,26892.69922
24-08-2021,27276.69922
25-08-2021,27363.05078
26-08-2021,27416
27-08-2021,27705.55078
30-08-2021,28242.40039
31-08-2021,28417.25
01-09-2021,28629.44922
02-09-2021,28916.65039
03-09-2021,29060.05078
06-09-2021,29178.34961
07-09-2021,29105
08-09-2021,29255.55078
09-09-2021,29341.09961
13-09-2021,29473.44922
14-09-2021,29871.65039
15-09-2021,30175.59961
16-09-2021,30283.09961
17-09-2021,29899.40039
20-09-2021,29254.84961
21-09-2021,29442.44922
22-09-2021,29933.90039
23-09-2021,30380.84961
24-09-2021,30143.59961
27-09-2021,30152.44922
28-09-2021,29951.30078
29-09-2021,30274.09961
30-09-2021,30384
01-10-2021,30396.84961
04-10-2021,30875.34961
05-10-2021,31009.40039
06-10-2021,30728.19922
07-10-2021,31304.44922
08-10-2021,31437.75
11-10-2021,31630.80078
12-10-2021,31805.5
13-10-2021,32294.15039
14-10-2021,32503.5
18-10-2021,32884.80078
19-10-2021,32170.69922
20-10-2021,31478.30078
21-10-2021,31356.15039
22-10-2021,31082.44922
25-10-2021,30553.40039
26-10-2021,31101.94922
27-10-2021,31125.55078
28-10-2021,30514.05078
29-10-2021,30469.55078
01-11-2021,31023.69922
02-11-2021,31281.05078
03-11-2021,31197.5
04-11-2021,31442.65039
08-11-2021,31818.65039
09-11-2021,32186.34961
10-11-2021,32044.44922
11-11-2021,31782.15039
12-11-2021,31925.84961
15-11-2021,32028.30078
16-11-2021,31942.55078
17-11-2021,31729
18-11-2021,31271.40039
22-11-2021,30331.59961
23-11-2021,30865.30078
24-11-2021,30743.25
25-11-2021,30926.59961
26-11-2021,29920.40039
29-11-2021,29515.25
30-11-2021,29650.65039
01-12-2021,29955.69922
02-12-2021,30296.44922
03-12-2021,30293.25
06-12-2021,29863.19922
07-12-2021,30282.59961
08-12-2021,30769.15039
09-12-2021,30955.19922
10-12-2021,31203.05078
13-12-2021,31125.69922
14-12-2021,31067.25
15-12-2021,30888.55078
16-12-2021,30676.75
17-12-2021,29939.30078
20-12-2021,28838.19922
21-12-2021,29207.75
22-12-2021,29659.09961
23-12-2021,29927.30078
24-12-2021,29612.84961
27-12-2021,29743.15039
28-12-2021,30094.84961
29-12-2021,30135.30078
30-12-2021,30023.25
31-12-2021,30442.90039
03-01-2022,30788
04-01-2022,30870.34961
05-01-2022,30917.55078
06-01-2022,30956.84961
07-01-2022,31111.55078
10-01-2022,31371.65039
11-01-2022,31400.40039
12-01-2022,31791.55078
13-01-2022,31997.19922
14-01-2022,31989.65039
17-01-2022,32040.59961
18-01-2022,31381.44922
19-01-2022,31363.30078
20-01-2022,31312.05078
21-01-2022,30563.59961
24-01-2022,29383
25-01-2022,29676.90039
27-01-2022,29364.69922
28-01-2022,29804.90039
31-01-2022,30273.94922
01-02-2022,30611.59961
02-02-2022,30971.55078
03-02-2022,30673.90039
04-02-2022,30441.55078
07-02-2022,30129.25
08-02-2022,29916.84961
09-02-2022,30257.09961
10-02-2022,30343.44922
11-02-2022,29729.40039
14-02-2022,28558.75
15-02-2022,29375.30078
16-02-2022,29289.94922
17-02-2022,29201.30078
18-02-2022,28934.34961
21-02-2022,28575.75
22-02-2022,28284.90039
23-02-2022,28467
24-02-2022,26832.65039
25-02-2022,27953.30078
28-02-2022,28223.44922
02-03-2022,28217.09961
03-03-2022,28102.90039
04-03-2022,27517.09961
07-03-2022,26865.90039
08-03-2022,27198.55078
09-03-2022,27785.5
10-03-2022,28038.69922
11-03-2022,28210.34961
14-03-2022,28267.5
15-03-2022,28021.34961
16-03-2022,28584.55078
17-03-2022,28977.90039
21-03-2022,28896.44922
22-03-2022,28977.30078
23-03-2022,29137.30078
24-03-2022,29308.34961
25-03-2022,29274.55078
28-03-2022,29221.19922
29-03-2022,29342.30078
30-03-2022,29590.69922
31-03-2022,29692.30078
01-04-2022,30134.55078
04-04-2022,30625.19922
05-04-2022,31046.69922
06-04-2022,31229.19922
07-04-2022,30911.30078
08-04-2022,31214.19922
11-04-2022,31408.15039
12-04-2022,30804.90039
13-04-2022,30796.30078
18-04-2022,30473.55078
19-04-2022,30055
20-04-2022,30279.25
21-04-2022,30603.30078
22-04-2022,30315.84961
25-04-2022,29733.09961
26-04-2022,30215.34961
27-04-2022,29954.30078
28-04-2022,30134.59961
29-04-2022,29880.34961
02-05-2022,29703.40039
04-05-2022,29074.30078
05-05-2022,29104.34961
06-05-2022,28584.19922
09-05-2022,28074.44922
10-05-2022,27548.59961
11-05-2022,27450.80078
12-05-2022,26810.05078
13-05-2022,27085.65039
16-05-2022,27425.5
17-05-2022,28172.90039
18-05-2022,28111.69922
19-05-2022,27271.90039
20-05-2022,27872.19922
23-05-2022,27775.44922
24-05-2022,27595.30078
25-05-2022,26918.69922
26-05-2022,27281.15039
27-05-2022,27657.25
30-05-2022,28326.34961
31-05-2022,28288.34961
01-06-2022,28299.90039
02-06-2022,28491.15039
03-06-2022,28023.34961
06-06-2022,27992.65039
07-06-2022,27803.94922
08-06-2022,27670.80078
09-06-2022,27805.90039
10-06-2022,27575.80078
13-06-2022,26777.80078
14-06-2022,26715.65039
15-06-2022,26809
16-06-2022,26180.34961
17-06-2022,25877.69922
20-06-2022,25292.90039
21-06-2022,26194.40039
22-06-2022,25767.84961
23-06-2022,26079.94922
24-06-2022,26449.05078
27-06-2022,26713.25
28-06-2022,26791
29-06-2022,26672.15039
30-06-2022,26452.75
01-07-2022,26587.30078
04-07-2022,26769.55078
05-07-2022,26698.09961
06-07-2022,27204.34961
07-07-2022,27572.44922
08-07-2022,27649.05078
11-07-2022,27908.05078
12-07-2022,27782.05078
13-07-2022,27827.84961
14-07-2022,27803.5
15-07-2022,28017.25
18-07-2022,28409.75
19-07-2022,28600.94922
20-07-2022,28654.40039
21-07-2022,29049.15039
22-07-2022,29047.84961
25-07-2022,29020.75
26-07-2022,28658.75
27-07-2022,28976.30078
28-07-2022,29219.75
29-07-2022,29634.25
01-08-2022,30128
02-08-2022,30228.15039
03-08-2022,30017.65039
04-08-2022,30190.84961
05-08-2022,30258.34961
08-08-2022,30366.05078
10-08-2022,30318.90039
11-08-2022,30583.84961
12-08-2022,30806.34961
16-08-2022,31254.55078
17-08-2022,31401.40039
18-08-2022,31460.19922
19-08-2022,31005
22-08-2022,30379.5
23-08-2022,30734.65039
24-08-2022,30960.90039
25-08-2022,30942.90039
26-08-2022,31112.94922
29-08-2022,30853.84961
30-08-2022,31481.69922
01-09-2022,31516.30078
02-09-2022,31402.30078
05-09-2022,31522.30078
06-09-2022,31706.05078
07-09-2022,31865.55078
08-09-2022,31923.05078
09-09-2022,32035.90039
12-09-2022,32345.44922
13-09-2022,32398.75
14-09-2022,32291.75
15-09-2022,32415.69922
16-09-2022,31494.90039
19-09-2022,31504.40039
20-09-2022,31955.5
21-09-2022,31718.69922
22-09-2022,31826.09961
23-09-2022,31078.69922
26-09-2022,30111.80078
27-09-2022,30160.69922
28-09-2022,30066.15039
29-09-2022,30185.65039
30-09-2022,30668.30078
03-10-2022,30284.65039
04-10-2022,31090.59961
06-10-2022,31482.69922
07-10-2022,31406.80078
10-10-2022,31109.34961
11-10-2022,30567.69922
12-10-2022,30756.55078
13-10-2022,30544.69922
14-10-2022,30524.44922
17-10-2022,30572.65039
18-10-2022,30908
19-10-2022,30984.44922
20-10-2022,30901.34961
21-10-2022,30691.84961
24-10-2022,30845.19922
25-10-2022,30982.69922
27-10-2022,31172.34961
28-10-2022,31003.25
31-10-2022,31432.30078
01-11-2022,31705.5
02-11-2022,31680
03-11-2022,31786.84961
04-11-2022,31707.90039
07-11-2022,31963.59961
09-11-2022,31726.30078
10-11-2022,31358.65039
11-11-2022,31381.69922
14-11-2022,31399.15039
15-11-2022,31403.55078
16-11-2022,31197.90039
17-11-2022,31072
18-11-2022,30916.69922
21-11-2022,30901.5
22-11-2022,31070
23-11-2022,31150.65039
24-11-2022,31289.25
25-11-2022,31587.65039
28-11-2022,31818.90039
29-11-2022,31677.30078
30-11-2022,32037.90039
01-12-2022,32283.84961
02-12-2022,32566.84961
05-12-2022,32646.94922
06-12-2022,32495.25
07-12-2022,32308.30078
08-12-2022,32503.94922
09-12-2022,32374.5
12-12-2022,32490.94922
13-12-2022,32667.30078
14-12-2022,32863.19922
15-12-2022,32530.75
16-12-2022,32010.09961
19-12-2022,32186.84961
20-12-2022,32117
21-12-2022,31610.30078
22-12-2022,31336.65039
23-12-2022,30157.65039
27-12-2022,31283.75
28-12-2022,31325.55078
29-12-2022,31350.90039
30-12-2022,31509.09961
02-01-2023,31786.44922
03-01-2023,31860.34961
04-01-2023,31503.09961
05-01-2023,31661.5
06-01-2023,31420.19922
09-01-2023,31716.65039
10-01-2023,31559.30078
11-01-2023,31457.19922
12-01-2023,31360.09961
13-01-2023,31328.34961
16-01-2023,31253.05078
17-01-2023,31217.59961
18-01-2023,31379.30078
19-01-2023,31344.59961
20-01-2023,31099.80078
23-01-2023,31273.80078
24-01-2023,31151.84961
25-01-2023,30694.30078
27-01-2023,30241.90039
30-01-2023,30185.84961
31-01-2023,30676.44922
01-02-2023,30386.65039
02-02-2023,30433
03-02-2023,30378.09961
06-02-2023,30670.65039
07-02-2023,30663.80078
08-02-2023,30944
09-02-2023,30956.65039
10-02-2023,31029.44922
13-02-2023,30565.34961
14-02-2023,30481.80078
15-02-2023,30671
16-02-2023,30886.5
17-02-2023,30642.05078
20-02-2023,30666.90039
21-02-2023,30556.80078
22-02-2023,30211
23-02-2023,30165.65039
24-02-2023,30103.40039
27-02-2023,29894.90039
28-02-2023,30117.30078
01-03-2023,30584.09961
02-03-2023,30486.75
03-03-2023,30697.65039
06-03-2023,30960.05078
08-03-2023,31119.25
09-03-2023,30948.65039
10-03-2023,30717.44922
13-03-2023,30106.84961
14-03-2023,29949.34961
15-03-2023,29971.25
16-03-2023,29997.5
17-03-2023,30092.25
20-03-2023,29782.55078
21-03-2023,29958.15039
22-03-2023,30040.59961
23-03-2023,29916.69922
24-03-2023,29565.44922
27-03-2023,29426.59961
28-03-2023,29324.75
29-03-2023,29775.55078
31-03-2023,30035.15039
03-04-2023,30166.75
05-04-2023,30160.15039
06-04-2023,30353.80078
10-04-2023,30470.09961
11-04-2023,30623.5
12-04-2023,30824.05078
13-04-2023,30884.65039
17-04-2023,31006.5
18-04-2023,31240.75
19-04-2023,31211.25
20-04-2023,31219.55078
21-04-2023,31087.34961
24-04-2023,31210
25-04-2023,31180.59961
26-04-2023,31228.84961
27-04-2023,31404.19922
28-04-2023,31794.75
02-05-2023,32101.80078
03-05-2023,32186.19922
04-05-2023,32374.34961
05-05-2023,32148.84961
08-05-2023,32476.09961
09-05-2023,32488.5
10-05-2023,32505.34961
11-05-2023,32601.30078
12-05-2023,32468.44922
15-05-2023,32709.40039
16-05-2023,32792.85156
17-05-2023,32762.75
18-05-2023,32570.55078
19-05-2023,32550.34961
22-05-2023,32756.40039
23-05-2023,32961.89844
24-05-2023,33031.35156
25-05-2023,33157.10156
26-05-2023,33425.10156
29-05-2023,33551
30-05-2023,33635.30078
31-05-2023,33761.30078
01-06-2023,33812.39844
02-06-2023,33966.80078
05-06-2023,34015.19922
06-06-2023,34035.89844
07-06-2023,34390.10156
08-06-2023,34200.39844
09-06-2023,34153.05078
12-06-2023,34342.30078
13-06-2023,34761
14-06-2023,34833.30078
15-06-2023,34907
16-06-2023,35144.30078
19-06-2023,35158.05078
20-06-2023,35329.19922
21-06-2023,35614.39844
22-06-2023,35235.25
23-06-2023,34799.89844
26-06-2023,35120.44922
27-06-2023,35296.94922
28-06-2023,35520.94922
30-06-2023,35754.35156
03-07-2023,35843.5
04-07-2023,35771.80078
05-07-2023,36024.64844
06-07-2023,36373.10156
07-07-2023,36076.80078
10-07-2023,35938.05078
11-07-2023,36252.89844
12-07-2023,36408.14844
13-07-2023,36114.35156
14-07-2023,36528.94922
17-07-2023,36641.25
18-07-2023,36591.39844
19-07-2023,36839
20-07-2023,36931.69922
21-07-2023,36799.5
24-07-2023,36742.60156
25-07-2023,36887.64844
26-07-2023,37050.10156
27-07-2023,37151.60156
28-07-2023,37357.14844
31-07-2023,37721.35156
01-08-2023,37733.44922
02-08-2023,37232.69922
03-08-2023,37326.14844
04-08-2023,37630.60156
07-08-2023,37824.14844
08-08-2023,37912.5
09-08-2023,38037
10-08-2023,38007.60156
11-08-2023,37836.14844
14-08-2023,37770.19922
16-08-2023,37801.64844
17-08-2023,37895.5
18-08-2023,37815.39844
21-08-2023,38126.39844
22-08-2023,38544.30078
23-08-2023,38694.64844
24-08-2023,38789
25-08-2023,38471.25
28-08-2023,38662.14844
29-08-2023,38794.80078
30-08-2023,39077.55078
31-08-2023,39118.64844
01-09-2023,39445.60156
04-09-2023,39830.35156
05-09-2023,40253.60156
06-09-2023,40284.10156
07-09-2023,40593.89844
08-09-2023,40977.75
11-09-2023,41444.19922
12-09-2023,40170.30078
13-09-2023,40245.10156
14-09-2023,40716.05078
15-09-2023,40829.89844
18-09-2023,40658.19922
20-09-2023,40543.85156
21-09-2023,40184.85156
22-09-2023,40139.14844
25-09-2023,40405.69922
26-09-2023,40338.85156
27-09-2023,40640.80078
28-09-2023,40104.05078
29-09-2023,40537.05078
03-10-2023,40608.85156
04-10-2023,40047.5
05-10-2023,40046
06-10-2023,40284.69922
09-10-2023,39744.64844
10-10-2023,40285.5
11-10-2023,40486.25
12-10-2023,40555.5
13-10-2023,40506.14844
16-10-2023,40590.64844
17-10-2023,40733.35156
18-10-2023,40367.14844
19-10-2023,40332.60156
20-10-2023,39878.75
23-10-2023,38817.35156
25-10-2023,38564.25
26-10-2023,38116.75
27-10-2023,38701.85156
30-10-2023,38735.19922
31-10-2023,38876.94922
01-11-2023,38775.10156
02-11-2023,39312.44922
03-11-2023,39587.39844
06-11-2023,39937.10156
07-11-2023,40049.80078
08-11-2023,40446.85156
09-11-2023,40537.64844
10-11-2023,40733.05078
13-11-2023,41009.69922
15-11-2023,41404.85156
16-11-2023,41726.30078
17-11-2023,41811.25
20-11-2023,41856.44922
21-11-2023,41883.5
22-11-2023,42027.10156
23-11-2023,42027.30078
24-11-2023,42050.44922
28-11-2023,42278
29-11-2023,42618.69922
30-11-2023,42908.89844
01-12-2023,43382.39844
04-12-2023,43918.60156
05-12-2023,44122.89844
06-12-2023,44232.44922
07-12-2023,44495
08-12-2023,44400.19922
11-12-2023,44729.14844
12-12-2023,44555.75
13-12-2023,44947.30078
14-12-2023,45534.30078
15-12-2023,45586.55078
18-12-2023,45685.14844
19-12-2023,45512.44922
20-12-2023,44024.94922
21-12-2023,44767.69922
22-12-2023,45094.80078
26-12-2023,45388.10156
27-12-2023,45558.94922
28-12-2023,45815.25
29-12-2023,46181.64844
02-01-2024,46389.64844
03-01-2024,46529.05078
04-01-2024,47309.69922
05-01-2024,47396.30078
08-01-2024,46894.35156
09-01-2024,46969.94922
10-01-2024,47107.14844
11-01-2024,47337.30078
12-01-2024,47512.60156
15-01-2024,47837.94922
16-01-2024,47667.39844
17-01-2024,47151.55078
18-01-2024,47099.85156
19-01-2024,47815.94922
23-01-2024,46569.60156
24-01-2024,47423.39844
25-01-2024,47208.64844
29-01-2024,47979.05078
30-01-2024,47791.94922
31-01-2024,48568.60156
01-02-2024,48298
02-02-2024,48477
05-02-2024,48410.19922
06-02-2024,48984.64844
07-02-2024,49352.05078
08-02-2024,49327.80078
09-02-2024,48889.05078
12-02-2024,47675.80078
13-02-2024,47835.64844
14-02-2024,48331.89844
15-02-2024,48821.89844
16-02-2024,49131.94922
20-02-2024,49248.44922
21-02-2024,48630.5
22-02-2024,49128.35156
23-02-2024,49279.55078
26-02-2024,49102.30078
27-02-2024,49041.19922
28-02-2024,48089.10156
29-02-2024,48335.69922
01-03-2024,48790.60156
04-03-2024,49248.89844
05-03-2024,49114.89844
06-03-2024,48857.30078
07-03-2024,48966.14844
11-03-2024,48774.64844
12-03-2024,48086.85156
13-03-2024,45971.39844
14-03-2024,46901.19922
15-03-2024,46685.60156
18-03-2024,46501.64844
19-03-2024,45926.30078
20-03-2024,45919.89844
21-03-2024,47033.55078
22-03-2024,47312.85156
26-03-2024,47807.64844
27-03-2024,47837.35156
28-03-2024,48075.75
01-04-2024,48912.05078
02-04-2024,49479.30078
03-04-2024,49736.69922
04-04-2024,49743.80078
05-04-2024,50022.85156
08-04-2024,50041.39844
09-04-2024,49894.69922
10-04-2024,50380.39844
12-04-2024,50067.55078
15-04-2024,49281
16-04-2024,49236.64844
18-04-2024,48995.69922
19-04-2024,48696.94922
22-04-2024,49096.39844
23-04-2024,49614.85156
24-04-2024,49991.89844
25-04-2024,50228.5
26-04-2024,50624.10156
29-04-2024,50834.44922
30-04-2024,50868.19922
02-05-2024,51115.10156
03-05-2024,50935.14844
06-05-2024,50662.19922
07-05-2024,49674.44922
08-05-2024,50036.30078
09-05-2024,49109.14844
10-05-2024,49532.30078
13-05-2024,49735.39844
14-05-2024,50225.19922
15-05-2024,50707.75
16-05-2024,51153.30078
17-05-2024,51604.89844
21-05-2024,52068.30078
22-05-2024,52167.5
23-05-2024,52418.55078
24-05-2024,52424.44922
27-05-2024,52761.75
28-05-2024,52294.80078
29-05-2024,52125.75
30-05-2024,51426.85156
31-05-2024,51705.69922
03-06-2024,53353.35156
04-06-2024,49150.80078
05-06-2024,51266.69922
06-06-2024,52413.69922
07-06-2024,53194.69922
10-06-2024,53235.75
11-06-2024,53666.5
12-06-2024,54226.10156
13-06-2024,54652.25
14-06-2024,55225.94922
18-06-2024,55490.05078
19-06-2024,54951.69922
20-06-2024,55473.80078
21-06-2024,55429.14844
24-06-2024,55577.05078
25-06-2024,55368.55078
26-06-2024,55245.80078
27-06-2024,55424.25
28-06-2024,55736.89844
01-07-2024,56292.5
02-07-2024,55854.69922
03-07-2024,56293.30078
04-07-2024,56618.60156
05-07-2024,57089.44922
08-07-2024,56888.19922
09-07-2024,57077.55078
10-07-2024,56921.14844
11-07-2024,57148.25
12-07-2024,57173.80078
15-07-2024,57664.44922
16-07-2024,57664
18-07-2024,57111.10156
19-07-2024,55908.30078
22-07-2024,56624.64844
23-07-2024,56285.25
24-07-2024,56872.75
25-07-2024,56741.75
26-07-2024,57768.10156
29-07-2024,58362.05078
30-07-2024,58623.39844
31-07-2024,58990.89844
01-08-2024,58490.39844
02-08-2024,57913.64844
05-08-2024,55857.25
06-08-2024,55515.55078
07-08-2024,56873.80078
08-08-2024,56681.19922
09-08-2024,57174.39844
12-08-2024,57330.60156
13-08-2024,56881.5
14-08-2024,56547.05078
16-08-2024,57656
19-08-2024,57760.89844
20-08-2024,58247.85156
21-08-2024,58444.05078
22-08-2024,58844.85156
23-08-2024,58555.30078
26-08-2024,58931.14844
27-08-2024,59220.25
28-08-2024,59146.39844
29-08-2024,58883.94922
30-08-2024,59286.64844
02-09-2024,59152.64844
03-09-2024,59297.85156
04-09-2024,59223.69922
05-09-2024,59448.5
06-09-2024,58501.94922
09-09-2024,58347.39844
10-09-2024,59039.05078
11-09-2024,58938.05078
12-09-2024,59640.30078
13-09-2024,60034.05078
16-09-2024,60259.75
17-09-2024,60180.75
18-09-2024,59752.85156
19-09-2024,59351.89844
20-09-2024,60208.80078
23-09-2024,60712.39844
24-09-2024,60850.80078
25-09-2024,60465.14844
26-09-2024,60469.14844
27-09-2024,60381.14844
30-09-2024,60153.80078
01-10-2024,60358.30078
03-10-2024,59024.69922
04-10-2024,58474.44922
07-10-2024,57300.19922
08-10-2024,58535.89844
09-10-2024,59102.64844
10-10-2024,58935.85156
11-10-2024,59212.69922
14-10-2024,59465.44922
15-10-2024,59593.25
16-10-2024,59451.85156
17-10-2024,58465.94922
18-10-2024,58649.14844
21-10-2024,57677.69922
22-10-2024,56174.05078
23-10-2024,56533.55078
24-10-2024,56349.75
25-10-2024,55277.94922
28-10-2024,55736.60156
29-10-2024,56251.30078
30-10-2024,56339.25
31-10-2024,56112.85156
01-11-2024,56496.05078
04-11-2024,55784.55078
05-11-2024,56115.44922
06-11-2024,57355.80078
07-11-2024,57109.14844
08-11-2024,56352
11-11-2024,55853.75
12-11-2024,55257.5
13-11-2024,53800.85156
14-11-2024,54043.10156
18-11-2024,54044.80078
19-11-2024,54548.25
21-11-2024,54385.35156
22-11-2024,55016.85156
25-11-2024,55900.55078
26-11-2024,55914.39844
27-11-2024,56272.35156
28-11-2024,56300.75
29-11-2024,56392.64844
02-12-2024,57000.85156
03-12-2024,57509
04-12-2024,58112.39844
05-12-2024,58441.55078
06-12-2024,58704.60156
09-12-2024,58998.75
10-12-2024,59135.39844
11-12-2024,59292.94922
12-12-2024,59021.69922
13-12-2024,58991.55078
16-12-2024,59443.05078
17-12-2024,59101.89844
18-12-2024,58723.25
19-12-2024,58556.25
20-12-2024,56906.75
23-12-2024,57092.89844
24-12-2024,57057.89844
26-12-2024,57125.69922
27-12-2024,56979.80078
30-12-2024,57189.75
31-12-2024,57199.44922
02-01-2025,58108.19922
03-01-2025,57931.05078
06-01-2025,56366.94922
07-01-2025,56869.30078
08-01-2025,56270.60156
09-01-2025,55745.89844
10-01-2025,54585.75
13-01-2025,52390.39844
14-01-2025,53676.5
15-01-2025,53899
16-01-2025,54483.80078
17-01-2025,54607.64844
20-01-2025,55106.19922
21-01-2025,53834.94922
22-01-2025,53113.5
23-01-2025,54098.85156
24-01-2025,53262.94922
27-01-2025,51795.89844
28-01-2025,51529.44922
29-01-2025,52718.85156
30-01-2025,52714.25
31-01-2025,53712.19922
03-02-2025,52988.80078
04-02-2025,53813.80078
05-02-2025,54180.85156
06-02-2025,53500.85156
07-02-2025,53609.14844
10-02-2025,52471.05078
11-02-2025,50887.94922
12-02-2025,50756.39844
13-02-2025,50881.19922
14-02-2025,49654.14844
17-02-2025,49849.85156
18-02-2025,49751.44922
19-02-2025,50527.25
20-02-2025,51163.80078
21-02-2025,50486.19922
24-02-2025,50013.10156
25-02-2025,49702.14844
27-02-2025,49136.75
28-02-2025,47915.19922
03-03-2025,47984.14844
04-03-2025,48007.85156
05-03-2025,49168.35156
06-03-2025,49348.10156
07-03-2025,49190.60156
10-03-2025,48440.10156
11-03-2025,48762.75
12-03-2025,48486.60156
13-03-2025,48125.10156
17-03-2025,48461.80078
18-03-2025,49516.89844
19-03-2025,50817.10156
20-03-2025,51144.39844
21-03-2025,51850.75
24-03-2025,52524.05078
25-03-2025,51969.75
26-03-2025,51646.14844
27-03-2025,51839.39844
28-03-2025,51672.25
01-04-2025,51229.60156
02-04-2025,52053.19922
03-04-2025,52162.14844
04-04-2025,50645.94922
07-04-2025,48809.44922
08-04-2025,49838
09-04-2025,49582.05078
11-04-2025,50501.5
15-04-2025,51974.44922
16-04-2025,52345.55078
17-04-2025,52657.80078
21-04-2025,53974.44922
22-04-2025,54397.14844
23-04-2025,55041.10156
24-04-2025,54969.85156
25-04-2025,53570.19922
28-04-2025,54440.25
29-04-2025,54587.94922
30-04-2025,54124.89844
02-05-2025,53705.10156
05-05-2025,54675.75
06-05-2025,53435.85156
07-05-2025,54287.75
08-05-2025,53229.30078
09-05-2025,53223.35156
12-05-2025,55416.05078
13-05-2025,55520.69922
14-05-2025,56136.39844
15-05-2025,56530.85156
16-05-2025,57060.5
19-05-2025,57105.44922
20-05-2025,56182.64844
21-05-2025,56619.60156
22-05-2025,56324.85156
23-05-2025,56687.75
26-05-2025,57067.25
27-05-2025,57154.5
28-05-2025,57141.39844
29-05-2025,57457.25
30-05-2025,57420
02-06-2025,57775.55078
03-06-2025,57517.10156
04-06-2025,57924.64844
05-06-2025,58303
06-06-2025,59010.30078
09-06-2025,59674.94922
10-06-2025,59681.39844
11-06-2025,59388.14844
12-06-2025,58440.85156
13-06-2025,58227.44922
16-06-2025,58768.5
17-06-2025,58379.30078
18-06-2025,58109.19922
19-06-2025,57159.94922
20-06-2025,57995.5
23-06-2025,58206.80078
24-06-2025,58622.39844
25-06-2025,58881.69922
26-06-2025,59227.39844
27-06-2025,59385.14844
30-06-2025,59741.19922
01-07-2025,59750.05078
02-07-2025,59667.25
03-07-2025,59683.25
04-07-2025,59677.75
07-07-2025,59515.75
08-07-2025,59415.44922
09-07-2025,59339.60156
10-07-2025,59159.94922
11-07-2025,58642.19922
14-07-2025,59052.55078
15-07-2025,59612.64844
16-07-2025,59620.64844
17-07-2025,59519.10156
18-07-2025,59104.5
21-07-2025,59468.35156
22-07-2025,59103.39844
23-07-2025,59307.10156
24-07-2025,58960.69922
25-07-2025,58009.44922
28-07-2025,57519.35156
29-07-2025,57984.85156
30-07-2025,57942.25
31-07-2025,57400.55078
01-08-2025,56637.14844
04-08-2025,57432.35156
05-08-2025,57206.85156
06-08-2025,56749.75
07-08-2025,56938.30078
08-08-2025,56002.19922
11-08-2025,56479
12-08-2025,56324.85156
13-08-2025,56681.5
14-08-2025,56504.25
18-08-2025,57113.14844
19-08-2025,57664.64844
20-08-2025,57930.5
21-08-2025,57708.94922
22-08-2025,57629.75
