Date,Nifty50,NiftyNext50,NiftyMidcap100
03-01-2017,8192.25,21753.44922,14609.84961
04-01-2017,8190.5,21724.84961,14681.25
05-01-2017,8273.799805,22074.59961,14876.15039
06-01-2017,8243.799805,22024.44922,14854.2002
09-01-2017,8236.049805,22035.5,14873.4502
10-01-2017,8288.599609,22260.5,14984.2998
11-01-2017,8380.650391,22543.25,15159.75
12-01-2017,8407.200195,22622.69922,15192.90039
13-01-2017,8400.349609,22647.65039,15178.65039
16-01-2017,8412.799805,22789.90039,15239.34961
17-01-2017,8398,22779.34961,15243.2998
18-01-2017,8417,22919.09961,15329.65039
19-01-2017,8435.099609,22983.94922,15370.2002
20-01-2017,8349.349609,22646.05078,15117.15039
23-01-2017,8391.5,22843.30078,15188.75
24-01-2017,8475.799805,23087.34961,15339.25
25-01-2017,8602.75,23395.59961,15506.7998
27-01-2017,8641.25,23520.30078,15641.34961
30-01-2017,8632.75,23651.34961,15638.65039
31-01-2017,8561.299805,23279.30078,15413.7002
01-02-2017,8716.400391,23756.90039,15726.15039
02-02-2017,8734.25,23916.59961,15831.5498
03-02-2017,8740.950195,23943.15039,16035.2002
06-02-2017,8801.049805,24205.75,16174
07-02-2017,8768.299805,24130.34961,16101.7002
08-02-2017,8769.049805,24249.19922,16175.2998
09-02-2017,8778.400391,24257.80078,16246.34961
10-02-2017,8793.549805,24201.84961,16227.7002
13-02-2017,8805.049805,24204.30078,16131.2998
14-02-2017,8792.299805,23974.84961,16092
15-02-2017,8724.700195,23673.59961,15833.84961
16-02-2017,8778,24084.09961,16095.7002
17-02-2017,8821.700195,24250.80078,16169.2998
20-02-2017,8879.200195,24405.34961,16349.9502
21-02-2017,8907.849609,24614.05078,16452.5
22-02-2017,8926.900391,24462.90039,16353.5
23-02-2017,8939.5,24376.84961,16357.65039
27-02-2017,8896.700195,24349.55078,16377.40039
28-02-2017,8879.599609,24424.34961,16480.5
01-03-2017,8945.799805,24456.65039,16539.30078
02-03-2017,8899.75,24102.69922,16289.09961
03-03-2017,8897.549805,24091.19922,16364.0498
06-03-2017,8963.450195,24228.34961,16464.5
07-03-2017,8946.900391,24203.80078,16469.75
08-03-2017,8924.299805,24124.09961,16362.7998
09-03-2017,8927,24089.84961,16333.15039
10-03-2017,8934.549805,24042.34961,16291.2002
14-03-2017,9087,24425.90039,16526.90039
15-03-2017,9084.799805,24581.94922,16663.80078
16-03-2017,9153.700195,24924.90039,16893.30078
17-03-2017,9160.049805,24914.80078,16901.69922
20-03-2017,9126.849609,24918.65039,16962.25
21-03-2017,9121.5,24781,16926.05078
22-03-2017,9030.450195,24550.15039,16721.80078
23-03-2017,9086.299805,24795.84961,16893.05078
24-03-2017,9108,24805.5,16936.09961
27-03-2017,9045.200195,24701.90039,16928.15039
28-03-2017,9100.799805,24892.30078,17034.30078
29-03-2017,9143.799805,24911.19922,17054.40039
30-03-2017,9173.75,25013,17110.30078
31-03-2017,9173.75,25119.44922,17197.15039
03-04-2017,9237.849609,25217.15039,17332.90039
05-04-2017,9265.150391,25478.09961,17467.09961
06-04-2017,9261.950195,25561.40039,17469.30078
07-04-2017,9198.299805,25552.94922,17398.15039
10-04-2017,9181.450195,25732.90039,17472.09961
11-04-2017,9237,25872.80078,17700.09961
12-04-2017,9203.450195,25915.65039,17595.40039
13-04-2017,9150.799805,25872.44922,17550.30078
17-04-2017,9139.299805,25813.25,17629.90039
18-04-2017,9105.150391,25539.05078,17510.65039
19-04-2017,9103.5,25694.34961,17636.09961
20-04-2017,9136.400391,25786.75,17796.09961
21-04-2017,9119.400391,25845.65039,17800.34961
24-04-2017,9217.950195,26062.34961,17910.25
25-04-2017,9306.599609,26461.40039,18062.19922
26-04-2017,9351.849609,26407.44922,18022.59961
27-04-2017,9342.150391,26281.09961,18006.55078
28-04-2017,9304.049805,26323.59961,18086.44922
02-05-2017,9313.799805,26457.55078,18187.80078
03-05-2017,9311.950195,26441.44922,18126.19922
04-05-2017,9359.900391,26514.44922,18228.25
05-05-2017,9285.299805,26142.25,18048.59961
08-05-2017,9314.049805,26255.30078,18162.84961
09-05-2017,9316.849609,26465.09961,18255.5
10-05-2017,9407.299805,26806.69922,18357
11-05-2017,9422.400391,26849.65039,18361.40039
12-05-2017,9400.900391,26725.19922,18240.40039
15-05-2017,9445.400391,26949.09961,18405.94922
16-05-2017,9512.25,26940.94922,18498.30078
17-05-2017,9525.75,26799.55078,18449.59961
18-05-2017,9429.450195,26251.05078,18030.25
19-05-2017,9427.900391,26099.30078,17921.34961
22-05-2017,9438.25,25880.5,17720.59961
23-05-2017,9386.150391,25534.84961,17424.84961
24-05-2017,9360.549805,25149.44922,17120.55078
25-05-2017,9509.75,25407.69922,17345.34961
26-05-2017,9595.099609,25983.30078,17586.44922
29-05-2017,9604.900391,25727.80078,17225.94922
30-05-2017,9624.549805,25918.44922,17411.5
31-05-2017,9621.25,26027.75,17509.90039
01-06-2017,9616.099609,26095.75,17618.05078
02-06-2017,9653.5,26254.90039,17769.65039
05-06-2017,9675.099609,26457.19922,17828
06-06-2017,9637.150391,26264.44922,17733.65039
07-06-2017,9663.900391,26422.59961,17855.75
08-06-2017,9647.25,26507.25,17904.44922
09-06-2017,9668.25,26606.40039,17993.90039
12-06-2017,9616.400391,26557.59961,17878.90039
13-06-2017,9606.900391,26584.69922,17881.5
14-06-2017,9618.150391,26507.40039,17931.59961
15-06-2017,9578.049805,26474.94922,17983.59961
16-06-2017,9588.049805,26550,18002.55078
19-06-2017,9657.549805,26648.25,17996.40039
20-06-2017,9653.5,26684,18016.05078
21-06-2017,9633.599609,26687.09961,18045.84961
22-06-2017,9630,26497.09961,17907.90039
23-06-2017,9574.950195,26157.90039,17686.30078
27-06-2017,9511.400391,25968.19922,17455.59961
28-06-2017,9491.25,26040.15039,17522.94922
29-06-2017,9504.099609,26054.19922,17601.30078
30-06-2017,9520.900391,26254.5,17729.75
03-07-2017,9615,26588,17903.94922
04-07-2017,9613.299805,26547.90039,17866.90039
05-07-2017,9637.599609,26756.05078,18043.75
06-07-2017,9674.549805,26869.65039,18081.05078
07-07-2017,9665.799805,26872.40039,18104.19922
10-07-2017,9771.049805,27108.15039,18258.44922
11-07-2017,9786.049805,26929.44922,18098.69922
12-07-2017,9816.099609,27176.30078,18223.09961
13-07-2017,9891.700195,27405.19922,18277.15039
14-07-2017,9886.349609,27413.90039,18278.84961
17-07-2017,9915.950195,27452.15039,18311.09961
18-07-2017,9827.150391,27277.25,18216.59961
19-07-2017,9899.599609,27644.25,18344.19922
20-07-2017,9873.299805,27535.55078,18291.40039
21-07-2017,9915.25,27605.40039,18262.19922
24-07-2017,9966.400391,27634.80078,18303.80078
25-07-2017,9964.549805,27711.65039,18377.34961
26-07-2017,10020.65039,27735.59961,18429.25
27-07-2017,10020.5498,27583.25,18376.75
28-07-2017,10014.5,27759.55078,18468.90039
31-07-2017,10077.09961,27922.80078,18514.59961
01-08-2017,10114.65039,27872.94922,18513.44922
02-08-2017,10081.5,27729,18517.94922
03-08-2017,10013.65039,27785.30078,18317.55078
04-08-2017,10066.40039,28119.09961,18365.25
07-08-2017,10057.40039,28499.25,18570.44922
08-08-2017,9978.549805,28144.80078,18345.69922
09-08-2017,9908.049805,27652,18040
10-08-2017,9820.25,26895.05078,17462.84961
11-08-2017,9710.799805,26873.84961,17360.75
14-08-2017,9794.150391,27464.09961,17853.65039
16-08-2017,9897.299805,27734.30078,18088.69922
17-08-2017,9904.150391,27718.34961,18125.80078
18-08-2017,9837.400391,27657.05078,18044.5
21-08-2017,9754.349609,27217.59961,17781.55078
22-08-2017,9765.549805,27073.94922,17646.44922
23-08-2017,9852.5,27441.30078,17856.65039
24-08-2017,9857.049805,27679.19922,17963.94922
28-08-2017,9912.799805,27948.84961,18159.65039
29-08-2017,9796.049805,27647,17956.30078
30-08-2017,9884.400391,28066.80078,18211.40039
31-08-2017,9917.900391,28054.40039,18277.44922
01-09-2017,9974.400391,28338.34961,18505.25
05-09-2017,9952.200195,28338.69922,18557
06-09-2017,9916.200195,28377.15039,18563.30078
07-09-2017,9929.900391,28583.5,18619.25
08-09-2017,9934.799805,28377.15039,18573.94922
11-09-2017,10006.0498,28592.5,18734.84961
12-09-2017,10093.0498,28852.94922,18931.40039
13-09-2017,10079.2998,28753.5,18821.69922
14-09-2017,10086.59961,28851.75,18936.44922
15-09-2017,10085.40039,28781.44922,18951.94922
18-09-2017,10153.09961,28891.30078,19088.80078
19-09-2017,10147.5498,28967.05078,19098.30078
20-09-2017,10141.15039,28886.94922,19055.15039
21-09-2017,10121.90039,28695.44922,18934.65039
22-09-2017,9964.400391,27947.25,18393.84961
25-09-2017,9872.599609,27583.55078,18151.44922
26-09-2017,9871.5,27648.09961,18260.44922
27-09-2017,9735.75,27132.75,17840.80078
28-09-2017,9768.950195,27216.5,17941.30078
29-09-2017,9788.599609,27558.90039,18107.94922
03-10-2017,9859.5,27819.44922,18201.15039
04-10-2017,9914.900391,27869.84961,18262.59961
05-10-2017,9888.700195,27951.84961,18363
06-10-2017,9979.700195,28176.15039,18528.19922
09-10-2017,9988.75,28219.15039,18524.25
10-10-2017,10016.9502,28391.59961,18678.65039
11-10-2017,9984.799805,28214.84961,18480.34961
12-10-2017,10096.40039,28528.84961,18683.30078
13-10-2017,10167.4502,28575.44922,18723.34961
16-10-2017,10230.84961,28646.44922,18779.09961
17-10-2017,10234.4502,28782.69922,18887.90039
18-10-2017,10210.84961,28740.19922,18867.5
19-10-2017,10146.5498,28588.30078,18789.90039
23-10-2017,10184.84961,28731.25,18845
24-10-2017,10207.7002,28676.84961,18908.40039
25-10-2017,10295.34961,29038.15039,19212.09961
26-10-2017,10343.7998,29154.09961,19341.40039
27-10-2017,10323.0498,29355.69922,19341.19922
30-10-2017,10363.65039,29674.75,19555.34961
31-10-2017,10335.2998,29644.15039,19578.40039
01-11-2017,10440.5,29903.69922,19686.65039
02-11-2017,10423.7998,30020.40039,19728.5
03-11-2017,10452.5,30043.90039,19778.75
06-11-2017,10451.7998,30242.19922,19807.80078
07-11-2017,10350.15039,29779.30078,19488.25
08-11-2017,10303.15039,29546.84961,19363.44922
09-11-2017,10308.9502,29741.80078,19594.80078
10-11-2017,10321.75,29654.80078,19575.94922
13-11-2017,10224.9502,29447.09961,19483.44922
14-11-2017,10186.59961,29353.59961,19442.90039
15-11-2017,10118.0498,29014.75,19230.09961
16-11-2017,10214.75,29350.5,19440.90039
17-11-2017,10283.59961,29754.59961,19642.59961
20-11-2017,10298.75,29784.94922,19798.30078
21-11-2017,10326.90039,29832.69922,19830.30078
22-11-2017,10342.2998,29791.44922,19825.80078
24-11-2017,10389.7002,29908.94922,19984.25
27-11-2017,10399.5498,29994.09961,20085.19922
28-11-2017,10370.25,30039.84961,20098.34961
29-11-2017,10361.2998,30030.34961,20035.15039
30-11-2017,10226.5498,29768.09961,19895.15039
01-12-2017,10121.7998,29471,19691.69922
04-12-2017,10127.75,29489.59961,19750.19922
05-12-2017,10118.25,29511.65039,19755.90039
06-12-2017,10044.09961,29219.65039,19551.94922
07-12-2017,10166.7002,29711.69922,19831.15039
08-12-2017,10265.65039,30001.69922,20014.75
11-12-2017,10322.25,30087,20120.59961
12-12-2017,10240.15039,29787.09961,19947
13-12-2017,10192.9502,29496.69922,19754.90039
14-12-2017,10252.09961,29508.44922,19760.59961
15-12-2017,10333.25,29759.69922,19962.30078
18-12-2017,10388.75,30042.25,20129.80078
19-12-2017,10463.2002,30473.40039,20421.75
20-12-2017,10444.2002,30480.44922,20550.19922
21-12-2017,10440.2998,30625,20771.5
22-12-2017,10493,30764.80078,20834
26-12-2017,10531.5,30899.90039,21004.69922
27-12-2017,10490.75,30750.40039,20979.75
28-12-2017,10477.90039,30765.55078,20991.30078
29-12-2017,10530.7002,30964.65039,21133.5
02-01-2018,10442.2002,30798.30078,20959.69922
03-01-2018,10443.2002,30973.59961,21101.30078
04-01-2018,10504.7998,31300.65039,21308.34961
05-01-2018,10558.84961,31696.15039,21499.84961
08-01-2018,10623.59961,31919.69922,21719.05078
09-01-2018,10637,31782.05078,21693.40039
10-01-2018,10632.2002,31727.94922,21662.25
11-01-2018,10651.2002,31695.80078,21719.19922
12-01-2018,10681.25,31704.84961,21694.55078
15-01-2018,10741.5498,31639.55078,21697.34961
16-01-2018,10700.4502,31122.19922,21297.25
17-01-2018,10788.5498,31348.05078,21516.44922
18-01-2018,10817,30931.84961,21098
19-01-2018,10894.7002,31165.65039,21308.80078
22-01-2018,10966.2002,31404.59961,21507.5
23-01-2018,11083.7002,31628.30078,21731.80078
24-01-2018,11086,31440.65039,21637.05078
25-01-2018,11069.65039,31013.09961,21455.75
29-01-2018,11130.40039,30891.19922,21272.84961
30-01-2018,11049.65039,30712.40039,21102.5
31-01-2018,11027.7002,30500.30078,20785.19922
01-02-2018,11016.90039,30524.84961,20657.40039
02-02-2018,10760.59961,29656.44922,19760.34961
05-02-2018,10666.5498,29559.05078,19721.65039
06-02-2018,10498.25,29138.84961,19402.15039
07-02-2018,10476.7002,29351.15039,19480.19922
08-02-2018,10576.84961,29827.34961,19827.59961
09-02-2018,10454.9502,29728.94922,19872.25
12-02-2018,10539.75,30171.84961,20149.59961
14-02-2018,10500.90039,30110.25,20152.05078
15-02-2018,10545.5,29833.75,19927.59961
16-02-2018,10452.2998,29501.90039,19701.30078
19-02-2018,10378.40039,29182.55078,19490.65039
20-02-2018,10360.40039,29315.69922,19486.69922
21-02-2018,10397.4502,29190.44922,19474.80078
22-02-2018,10382.7002,28920.44922,19375.09961
23-02-2018,10491.0498,29375.65039,19708.40039
26-02-2018,10582.59961,29646.34961,19854.75
27-02-2018,10554.2998,29534.90039,19681.94922
28-02-2018,10492.84961,29404,19664.90039
01-03-2018,10458.34961,29202.19922,19512.30078
05-03-2018,10358.84961,28892.09961,19327.40039
06-03-2018,10249.25,28623.30078,19097.55078
07-03-2018,10154.2002,28297.80078,18795.30078
08-03-2018,10242.65039,28278.40039,18887.19922
09-03-2018,10226.84961,28290,18773.15039
12-03-2018,10421.40039,28503.05078,18960.75
13-03-2018,10426.84961,28858.30078,19107.65039
14-03-2018,10410.90039,28892.30078,19183.69922
15-03-2018,10360.15039,28904.94922,19258.84961
16-03-2018,10195.15039,28647.59961,19055.44922
19-03-2018,10094.25,28222.05078,18764.34961
20-03-2018,10124.34961,28358.84961,18836.5
21-03-2018,10155.25,28479.05078,18906.75
22-03-2018,10114.75,28369.65039,18747.80078
23-03-2018,9998.049805,28189.90039,18474
26-03-2018,10130.65039,28616.94922,18712.75
27-03-2018,10184.15039,28835.75,18959.44922
28-03-2018,10113.7002,28545.25,18757
02-04-2018,10211.7998,29114.25,19097.40039
03-04-2018,10245,29455.55078,19266.05078
04-04-2018,10128.40039,29119.55078,19040.84961
05-04-2018,10325.15039,29645.19922,19418.94922
06-04-2018,10331.59961,29991.55078,19519.25
09-04-2018,10379.34961,30002.09961,19594.69922
10-04-2018,10402.25,29963.19922,19630.94922
11-04-2018,10417.15039,30005.94922,19633.19922
12-04-2018,10458.65039,29956.75,19571.55078
13-04-2018,10480.59961,29946.44922,19676.19922
16-04-2018,10528.34961,30105.05078,19834.34961
17-04-2018,10548.7002,30165.55078,19860.25
18-04-2018,10526.2002,30139.40039,19841.44922
19-04-2018,10565.2998,30358.75,19974.09961
20-04-2018,10564.0498,30231.40039,19905.75
23-04-2018,10584.7002,30391.40039,20006.44922
24-04-2018,10614.34961,30444.75,19994.15039
25-04-2018,10570.5498,30393.05078,19912.90039
26-04-2018,10617.7998,30326.80078,19987
27-04-2018,10692.2998,30513.40039,20120.80078
30-04-2018,10739.34961,30682.65039,20290.30078
02-05-2018,10718.0498,30287.90039,19987.75
03-05-2018,10679.65039,29898.90039,19775
04-05-2018,10618.25,29703.94922,19720
07-05-2018,10715.5,29939,19867.75
08-05-2018,10717.7998,29842.5,19839.05078
09-05-2018,10741.7002,29668.94922,19733.84961
10-05-2018,10716.5498,29284.80078,19423.90039
11-05-2018,10806.5,29288.65039,19507.09961
14-05-2018,10806.59961,29148.44922,19275.25
15-05-2018,10801.84961,29052.59961,19097.09961
16-05-2018,10741.09961,29022.09961,19082.90039
17-05-2018,10682.7002,29017.19922,19153.30078
18-05-2018,10596.40039,28600.69922,18891.80078
21-05-2018,10516.7002,28179.44922,18571.25
22-05-2018,10536.7002,28562.5,18619.19922
23-05-2018,10430.34961,28411.30078,18506.80078
24-05-2018,10513.84961,28481.19922,18427.65039
25-05-2018,10605.15039,28963.40039,18787.40039
28-05-2018,10688.65039,29447.09961,19051.55078
29-05-2018,10633.2998,29428.75,18985.05078
30-05-2018,10614.34961,29343.34961,18975.30078
31-05-2018,10736.15039,29241.40039,18903.30078
01-06-2018,10696.2002,28948,18635.69922
04-06-2018,10628.5,28689.25,18428.09961
05-06-2018,10593.15039,28390.69922,18194.59961
06-06-2018,10684.65039,28824.15039,18452.69922
07-06-2018,10768.34961,29204.65039,18734.15039
08-06-2018,10767.65039,29320.59961,18830.59961
11-06-2018,10786.9502,29339.15039,18825.09961
12-06-2018,10842.84961,29548.75,18985.5
13-06-2018,10856.7002,29491.40039,18919.44922
14-06-2018,10808.0498,29440.69922,18934.19922
15-06-2018,10817.7002,29215.65039,18812.59961
18-06-2018,10799.84961,29064.75,18746.59961
19-06-2018,10710.4502,28847.90039,18518.09961
20-06-2018,10772.0498,28838.55078,18613.30078
21-06-2018,10741.09961,28675.84961,18507.19922
22-06-2018,10821.84961,28829.44922,18595.84961
25-06-2018,10762.4502,28447.69922,18494.80078
26-06-2018,10769.15039,28505.84961,18460.09961
27-06-2018,10671.40039,28119,18182.75
28-06-2018,10589.09961,27771.34961,17844.65039
29-06-2018,10714.2998,28291.69922,18181.30078
02-07-2018,10657.2998,28042.44922,18063.75
03-07-2018,10699.90039,28170.5,18229.80078
04-07-2018,10769.90039,28113.30078,18255.80078
05-07-2018,10749.75,27999.05078,18128.09961
06-07-2018,10772.65039,28148.05078,18222.05078
09-07-2018,10852.90039,28361.44922,18512.94922
10-07-2018,10947.25,28655.59961,18646.19922
11-07-2018,10948.2998,28424,18555.05078
12-07-2018,11023.2002,28367.19922,18473.84961
13-07-2018,11018.90039,28234.84961,18263
16-07-2018,10936.84961,27592.44922,17794
17-07-2018,11008.0498,27904.34961,18209.09961
18-07-2018,10980.4502,27591.19922,18017.94922
19-07-2018,10957.09961,27438.94922,17887.44922
20-07-2018,11010.2002,27593.65039,18055.15039
23-07-2018,11084.75,28065.84961,18255.19922
24-07-2018,11134.2998,28786.25,18496.69922
25-07-2018,11132,28758.30078,18505.25
26-07-2018,11167.2998,29026.25,18614.25
27-07-2018,11278.34961,29258.44922,18781.44922
30-07-2018,11319.5498,29563.55078,18801.84961
31-07-2018,11356.5,29690.55078,18876.90039
01-08-2018,11346.2002,29783.15039,18905.25
02-08-2018,11244.7002,29702,18926.44922
03-08-2018,11360.7998,29903.84961,19112.69922
06-08-2018,11387.09961,29948.55078,19199.19922
07-08-2018,11389.4502,29934.25,19145.55078
08-08-2018,11450,29981.5,19142.80078
09-08-2018,11470.7002,30093.55078,19236.69922
10-08-2018,11429.5,29867.75,19135.94922
13-08-2018,11355.75,29547.09961,19012.40039
14-08-2018,11435.09961,29710.5,19239.19922
16-08-2018,11385.0498,29498,19221.25
17-08-2018,11470.75,29940.69922,19443
20-08-2018,11551.75,30286.40039,19598.40039
21-08-2018,11570.90039,30417.40039,19634.05078
23-08-2018,11582.75,30591.94922,19599.5
24-08-2018,11557.09961,30547.15039,19542.05078
27-08-2018,11691.9502,30807.19922,19773.84961
28-08-2018,11738.5,30768.09961,19718.40039
29-08-2018,11691.90039,30981.94922,19826.69922
30-08-2018,11676.7998,31097.34961,19851.84961
31-08-2018,11680.5,31251.69922,19920.44922
03-09-2018,11582.34961,31022.25,19866.69922
04-09-2018,11520.2998,30074.84961,19326.90039
05-09-2018,11476.9502,29895.09961,19245.55078
06-09-2018,11536.90039,30105.75,19327.05078
07-09-2018,11589.09961,30442.69922,19579.25
10-09-2018,11438.09961,29909.94922,19241.84961
11-09-2018,11287.5,29360.75,18983.05078
12-09-2018,11369.90039,29497.40039,19046.55078
14-09-2018,11515.2002,30022.25,19389.15039
17-09-2018,11377.75,29769.90039,19262.75
18-09-2018,11278.90039,29344.15039,18992.75
19-09-2018,11234.34961,29217.65039,18816.75
21-09-2018,11143.09961,28632,18347.5
24-09-2018,10967.40039,27763.75,17847.90039
25-09-2018,11067.4502,28021.05078,17864.5
26-09-2018,11053.7998,28104.59961,17920.75
27-09-2018,10977.5498,27636.44922,17509.84961
28-09-2018,10930.4502,27286.5,17154.34961
01-10-2018,11008.2998,27307.90039,17285.30078
03-10-2018,10858.25,26959.34961,17085.75
04-10-2018,10599.25,26539.15039,16736.5
05-10-2018,10316.4502,25903.25,16299.75
08-10-2018,10348.0498,25634.25,16055.40039
09-10-2018,10301.0498,25499.94922,16003.75
10-10-2018,10460.09961,26324.34961,16666.5
11-10-2018,10234.65039,25831.25,16277.15039
12-10-2018,10472.5,26378.40039,16746
15-10-2018,10512.5,26489.05078,16902.09961
16-10-2018,10584.75,26861.65039,17163.5
17-10-2018,10453.0498,26277.15039,16774.90039
19-10-2018,10303.5498,26053.90039,16514.94922
22-10-2018,10245.25,25935.44922,16308.15039
23-10-2018,10146.7998,25605,16167.5
24-10-2018,10224.75,25698.69922,16378.5
25-10-2018,10124.90039,25335.80078,16276.0498
26-10-2018,10030,25369.25,16256.59961
29-10-2018,10250.84961,25967,16750.05078
30-10-2018,10198.40039,26104.65039,16865.80078
31-10-2018,10386.59961,26566.34961,17189.15039
01-11-2018,10380.4502,26728.80078,17338.94922
02-11-2018,10553,27134.90039,17430.94922
05-11-2018,10524,27219.65039,17363.19922
06-11-2018,10530,27064.30078,17265.65039
07-11-2018,10598.40039,27248.19922,17397.90039
09-11-2018,10585.2002,27367.44922,17605.5
12-11-2018,10482.2002,27051.55078,17439.25
13-11-2018,10582.5,27121.80078,17489.59961
14-11-2018,10576.2998,27149.30078,17483.90039
15-11-2018,10616.7002,27254.65039,17568.65039
16-11-2018,10682.2002,27359.34961,17507.84961
19-11-2018,10763.40039,27508.30078,17591.94922
20-11-2018,10656.2002,27163.15039,17419.90039
21-11-2018,10600.0498,27375.09961,17507.15039
22-11-2018,10526.75,27187.44922,17347.19922
26-11-2018,10628.59961,27287.25,17380.94922
27-11-2018,10685.59961,27259.94922,17469.40039
28-11-2018,10728.84961,27188.94922,17305.19922
29-11-2018,10858.7002,27390.55078,17394.19922
30-11-2018,10876.75,27593.69922,17503.59961
03-12-2018,10883.75,27681.30078,17629.94922
04-12-2018,10869.5,27599.15039,17588.55078
05-12-2018,10782.90039,27215.25,17331.19922
06-12-2018,10601.15039,26798.30078,17050.40039
07-12-2018,10693.7002,26915.65039,17054.5
10-12-2018,10488.4502,26426.05078,16693.69922
11-12-2018,10549.15039,26842.65039,16972.05078
12-12-2018,10737.59961,27440.84961,17419.80078
13-12-2018,10791.5498,27720.5,17539.55078
14-12-2018,10805.4502,27814.05078,17591.59961
17-12-2018,10888.34961,28034.34961,17672.30078
18-12-2018,10908.7002,28169.80078,17738.5
19-12-2018,10967.2998,28564.25,17968.19922
20-12-2018,10951.7002,28405.5,17989.15039
21-12-2018,10754,28017.34961,17704.80078
24-12-2018,10663.5,27620.59961,17587.65039
26-12-2018,10729.84961,27725.65039,17572.59961
27-12-2018,10779.7998,27780.94922,17631.05078
28-12-2018,10859.90039,28063.19922,17792.84961
31-12-2018,10862.5498,28178.80078,17875.5
02-01-2019,10792.5,27876.94922,17676.84961
03-01-2019,10672.25,27674.65039,17530.25
04-01-2019,10727.34961,27719.5,17636.59961
07-01-2019,10771.7998,27706.59961,17658.15039
08-01-2019,10802.15039,27689.09961,17634.40039
09-01-2019,10855.15039,27683.5,17621.30078
10-01-2019,10821.59961,27798.19922,17691.15039
11-01-2019,10794.9502,27707.55078,17655.65039
14-01-2019,10737.59961,27514.84961,17587.5
15-01-2019,10886.7998,27712.59961,17705.05078
16-01-2019,10890.2998,27727.65039,17685.84961
17-01-2019,10905.2002,27710.65039,17635.84961
18-01-2019,10906.9502,27410.55078,17517.19922
21-01-2019,10961.84961,27322.40039,17378.19922
22-01-2019,10922.75,27430.75,17359.15039
23-01-2019,10831.5,27264.05078,17340
24-01-2019,10849.7998,27232.59961,17281.15039
25-01-2019,10780.5498,26868.30078,17012.5
28-01-2019,10661.5498,26372.09961,16655.65039
29-01-2019,10652.2002,26398.80078,16706.55078
30-01-2019,10651.7998,26396.15039,16792.30078
31-01-2019,10830.9502,26555.59961,16904.75
01-02-2019,10893.65039,26828.19922,16990.25
04-02-2019,10912.25,26588.19922,16840
05-02-2019,10934.34961,26397.75,16710
06-02-2019,11062.4502,26639.80078,16720.80078
07-02-2019,11069.40039,26956.15039,16845
08-02-2019,10943.59961,26536.59961,16597.19922
11-02-2019,10888.7998,26240,16319.59961
12-02-2019,10831.40039,26094.40039,16328.15039
14-02-2019,10746.0498,25945.69922,16372.25
15-02-2019,10724.40039,25500.59961,16214.65039
18-02-2019,10640.9502,25296.44922,16063.34961
19-02-2019,10604.34961,25337.5,16132.75
20-02-2019,10735.4502,25677.30078,16299.65039
21-02-2019,10789.84961,25896.94922,16476.30078
22-02-2019,10791.65039,26097.55078,16543.15039
25-02-2019,10880.09961,26212.65039,16601.90039
26-02-2019,10835.2998,26199.65039,16578.5
27-02-2019,10806.65039,26310.84961,16645.40039
28-02-2019,10792.5,26514.44922,16721.09961
01-03-2019,10863.5,26847.90039,16962.44922
05-03-2019,10987.4502,27347.05078,17363.65039
06-03-2019,11053,27558.09961,17463.90039
07-03-2019,11058.2002,27429.5,17411.75
08-03-2019,11035.40039,27458.19922,17379.15039
11-03-2019,11168.0498,28087.55078,17750.44922
12-03-2019,11301.2002,28208.30078,17831.94922
13-03-2019,11341.7002,28047.84961,17733.44922
14-03-2019,11343.25,27942.09961,17748.5
15-03-2019,11426.84961,27907.65039,17863.25
18-03-2019,11462.2002,27970.69922,17814.40039
19-03-2019,11532.40039,28058.65039,17936.94922
20-03-2019,11521.0498,27964.09961,17847
22-03-2019,11456.90039,27760,17741.15039
25-03-2019,11354.25,27423.25,17606.15039
26-03-2019,11483.25,27681.75,17806.25
27-03-2019,11445.0498,27623.19922,17898.5
28-03-2019,11570,27873.05078,18083.44922
01-04-2019,11669.15039,28334,18333.05078
02-04-2019,11713.2002,28137,18338.90039
03-04-2019,11643.9502,28033.15039,18136.19922
04-04-2019,11598,28020.55078,18098.75
05-04-2019,11665.9502,28143.05078,18246.34961
08-04-2019,11604.5,28039.30078,18101.75
09-04-2019,11671.9502,28146.44922,18127.05078
10-04-2019,11584.2998,28056.80078,18075.65039
11-04-2019,11596.7002,28148.55078,18091.94922
12-04-2019,11643.4502,28271.09961,18167.90039
15-04-2019,11690.34961,28389.5,18253.5
16-04-2019,11787.15039,28542.44922,18248.44922
18-04-2019,11752.7998,28419.55078,18077.84961
22-04-2019,11594.4502,27907.25,17761.25
23-04-2019,11575.9502,27874.84961,17779.05078
24-04-2019,11726.15039,28057.84961,17844.44922
25-04-2019,11641.7998,27914.94922,17774.80078
26-04-2019,11754.65039,27921.05078,17727.94922
30-04-2019,11748.15039,27800.25,17566.40039
02-05-2019,11724.75,27659.09961,17460.5
03-05-2019,11712.25,27537.75,17465
06-05-2019,11598.25,27202.90039,17335.75
07-05-2019,11497.90039,27020.40039,17133.80078
08-05-2019,11359.4502,26707.75,16965.19922
09-05-2019,11301.7998,26632.59961,16950.59961
10-05-2019,11278.90039,26558.94922,17029.44922
13-05-2019,11148.2002,26074.59961,16656.59961
14-05-2019,11222.0498,26130,16737.25
15-05-2019,11157,26015.44922,16624.09961
16-05-2019,11257.09961,26004.69922,16673.44922
17-05-2019,11407.15039,26226.5,16875.40039
20-05-2019,11828.25,27081.40039,17561.94922
21-05-2019,11709.09961,26859.05078,17360.94922
22-05-2019,11737.90039,26848.05078,17348.15039
23-05-2019,11657.0498,26947.09961,17318.09961
24-05-2019,11844.09961,27572.65039,17699.80078
27-05-2019,11924.75,27719.90039,17995.75
28-05-2019,11928.75,27824.75,17993.94922
29-05-2019,11861.09961,27625.34961,17856.25
30-05-2019,11945.90039,27648.55078,17997.25
31-05-2019,11922.7998,27839.5,17959.05078
03-06-2019,12088.5498,28143.05078,18132.34961
04-06-2019,12021.65039,27970.09961,18118.75
06-06-2019,11843.75,27374.15039,17819.40039
07-06-2019,11870.65039,27382.75,17781.84961
10-06-2019,11922.7002,27456.40039,17791.30078
11-06-2019,11965.59961,27613.19922,17912
12-06-2019,11906.2002,27395.25,17770.19922
13-06-2019,11914.0498,27379.19922,17727.19922
14-06-2019,11823.2998,27093,17564.55078
17-06-2019,11672.15039,26672.30078,17358.94922
18-06-2019,11691.5,26705,17331.40039
19-06-2019,11691.4502,26551.80078,17145.09961
20-06-2019,11831.75,26998.15039,17427.09961
21-06-2019,11724.09961,26926.19922,17412.44922
24-06-2019,11699.65039,26960.25,17353
25-06-2019,11796.4502,27028.44922,17473.44922
26-06-2019,11847.5498,27246.30078,17644.15039
27-06-2019,11841.5498,27381.34961,17717.55078
28-06-2019,11788.84961,27332.5,17654.09961
01-07-2019,11865.59961,27471.75,17684.34961
02-07-2019,11910.2998,27562.84961,17750.30078
03-07-2019,11916.75,27704.90039,17820.05078
05-07-2019,11811.15039,27378,17529.69922
08-07-2019,11558.59961,26810.65039,17056.25
09-07-2019,11555.90039,26953.15039,17118.09961
10-07-2019,11498.90039,26739.5,16942.65039
11-07-2019,11582.90039,26932.09961,17067.05078
12-07-2019,11552.5,26983.65039,17146.25
15-07-2019,11588.34961,27096.30078,17008.44922
16-07-2019,11662.59961,27365.5,17136.65039
17-07-2019,11687.5,27428.34961,17080.09961
18-07-2019,11596.90039,27120.05078,16791
19-07-2019,11419.25,26656.15039,16430.09961
22-07-2019,11346.2002,26676.09961,16337.09961
23-07-2019,11331.0498,26560.25,16243.7002
24-07-2019,11271.2998,26133.90039,16002.59961
25-07-2019,11252.15039,26302.15039,16066.15039
26-07-2019,11284.2998,26553.90039,16165.34961
29-07-2019,11189.2002,26197.34961,16012.0498
30-07-2019,11085.40039,25838,15704.7002
31-07-2019,11118,26071.30078,15921.2002
01-08-2019,10980,25732.94922,15754.5
02-08-2019,10997.34961,25811.25,15709.25
05-08-2019,10862.59961,25601.75,15489.0498
06-08-2019,10948.25,25848.5,15803.75
07-08-2019,10855.5,25730,15685.2002
08-08-2019,11032.4502,26050.65039,15795.25
09-08-2019,11109.65039,26236.59961,15947.2998
13-08-2019,10925.84961,25636.09961,15601.75
14-08-2019,11029.40039,25914,15765.7002
16-08-2019,11047.7998,25999.59961,15817.4502
19-08-2019,11053.90039,25981.65039,15863.7002
20-08-2019,11017,25783.44922,15728.25
21-08-2019,10918.7002,25482.05078,15481.90039
22-08-2019,10741.34961,25136.90039,15174.7002
23-08-2019,10829.34961,25345.09961,15354.2998
26-08-2019,11057.84961,25813.55078,15596.84961
27-08-2019,11105.34961,26156.25,15712.7998
28-08-2019,11046.09961,26032.15039,15560.7002
29-08-2019,10948.2998,26046.90039,15504.9502
30-08-2019,11023.25,26405.05078,15652.2002
03-09-2019,10797.90039,25834.34961,15375.2002
04-09-2019,10844.65039,25800.55078,15450.7002
05-09-2019,10847.90039,25935.05078,15497.2002
06-09-2019,10946.2002,26053.94922,15606.9502
09-09-2019,11003.0498,26141,15799.4502
11-09-2019,11035.7002,26309.65039,15940.34961
12-09-2019,10982.7998,26285,15883.0498
13-09-2019,11075.90039,26460.09961,15967.40039
16-09-2019,11003.5,26431.19922,15943.40039
17-09-2019,10817.59961,25987.94922,15630.15039
18-09-2019,10840.65039,26149.90039,15680.7998
19-09-2019,10704.7998,25922.09961,15429.15039
20-09-2019,11274.2002,27406.84961,16333.40039
23-09-2019,11600.2002,27912.34961,16745
24-09-2019,11588.2002,27942.55078,16634.30078
25-09-2019,11440.2002,27484.5,16318.75
26-09-2019,11571.2002,27811,16450.40039
27-09-2019,11512.40039,27818.09961,16271.5498
30-09-2019,11474.4502,27520.30078,16026
01-10-2019,11359.90039,27249.84961,15725.34961
03-10-2019,11314,27023.19922,15715.2998
04-10-2019,11174.75,26681.59961,15573.7002
07-10-2019,11126.40039,26295.05078,15524.34961
09-10-2019,11313.2998,26660.30078,15722.5498
10-10-2019,11234.5498,26492.84961,15540.40039
11-10-2019,11305.0498,26598.59961,15558.84961
14-10-2019,11341.15039,26791.59961,15593.2998
15-10-2019,11428.2998,27010.59961,15629.15039
16-10-2019,11464,27240.55078,15605.34961
17-10-2019,11586.34961,27627.59961,15886.84961
18-10-2019,11661.84961,28014.15039,16213.5498
22-10-2019,11588.34961,28163.94922,16226.5498
23-10-2019,11604.09961,28140.44922,16247.7002
24-10-2019,11582.59961,28045.25,16195.2998
25-10-2019,11583.90039,27959.55078,16166.7002
29-10-2019,11786.84961,28447.59961,16478.40039
30-10-2019,11844.09961,28636.40039,16583.44922
31-10-2019,11877.4502,28722.09961,16818.90039
01-11-2019,11890.59961,28706.55078,16880.75
04-11-2019,11941.2998,28652.90039,16864.34961
05-11-2019,11917.2002,28442.34961,16681.65039
06-11-2019,11966.0498,28534.19922,16681.59961
07-11-2019,12012.0498,28686.25,16796
08-11-2019,11908.15039,28387.25,16713.34961
11-11-2019,11913.4502,28451.15039,16812.09961
13-11-2019,11840.4502,28298.59961,16698.59961
14-11-2019,11872.09961,28175.59961,16751.19922
15-11-2019,11895.4502,28195.55078,16803.84961
18-11-2019,11884.5,28154,16931.44922
19-11-2019,11940.09961,28071.90039,16967.5
20-11-2019,11999.09961,28245.94922,16994.09961
21-11-2019,11968.40039,28132.59961,16862.34961
22-11-2019,11914.40039,28059.19922,16867.65039
25-11-2019,12073.75,28443.5,17061
26-11-2019,12037.7002,28264.05078,16915.19922
27-11-2019,12100.7002,28468.69922,17042.94922
28-11-2019,12151.15039,28765.59961,17211.75
29-11-2019,12056.0498,28546.44922,17222.15039
02-12-2019,12048.2002,28539.44922,17103.44922
03-12-2019,11994.2002,28333.19922,16917.84961
04-12-2019,12043.2002,28364.19922,17010.65039
05-12-2019,12018.40039,28145.55078,16980.40039
06-12-2019,11921.5,27854.05078,16732
09-12-2019,11937.5,27758.05078,16727.30078
10-12-2019,11856.7998,27463.65039,16512.69922
11-12-2019,11910.15039,27594.25,16635.80078
12-12-2019,11971.7998,27793.80078,16771.5
13-12-2019,12086.7002,28076.69922,16932.40039
16-12-2019,12053.9502,27915.25,16842.09961
17-12-2019,12165,28031.75,16938.94922
18-12-2019,12221.65039,28138.19922,16892.75
19-12-2019,12259.7002,28245.30078,16905.30078
20-12-2019,12271.7998,28406.25,16906.44922
23-12-2019,12262.75,28395.75,16877.44922
24-12-2019,12214.5498,28382.84961,16852.05078
26-12-2019,12126.5498,28280.25,16863.55078
27-12-2019,12245.7998,28476.80078,17006.30078
30-12-2019,12255.84961,28484.84961,17078.80078
31-12-2019,12168.4502,28307.55078,17102.5
02-01-2020,12282.2002,28535.40039,17391.15039
03-01-2020,12226.65039,28478.94922,17291.84961
06-01-2020,11993.0498,27894.90039,16904.5
07-01-2020,12052.9502,28101.19922,17021.55078
08-01-2020,12025.34961,28113.55078,17074.30078
09-01-2020,12215.90039,28484.30078,17319.65039
10-01-2020,12256.7998,28556.05078,17386.34961
13-01-2020,12329.5498,28783.55078,17527.5
14-01-2020,12362.2998,28845.25,17651.65039
15-01-2020,12343.2998,28957.94922,17836.09961
16-01-2020,12355.5,28978.59961,17985.09961
17-01-2020,12352.34961,29034.84961,18073.90039
20-01-2020,12224.5498,28754.44922,17972.75
21-01-2020,12169.84961,28617.34961,17952.05078
22-01-2020,12106.90039,28593,17931
23-01-2020,12180.34961,28898.30078,18190
24-01-2020,12248.25,29153.75,18357.19922
27-01-2020,12119,28960.75,18291.34961
28-01-2020,12055.7998,28888.75,18232.40039
29-01-2020,12129.5,29045.40039,18273.09961
30-01-2020,12035.7998,28533,18128.40039
31-01-2020,11962.09961,28294.59961,18010.19922
03-02-2020,11707.90039,27534.69922,17708.34961
04-02-2020,11979.65039,28112.44922,17910.09961
05-02-2020,12089.15039,28537.80078,18115.69922
06-02-2020,12137.9502,28871.34961,18246.19922
07-02-2020,12098.34961,29046.44922,18367.5
10-02-2020,12031.5,28953.69922,18191.19922
11-02-2020,12107.90039,28854.34961,18206.19922
12-02-2020,12201.2002,28855.34961,18169.34961
13-02-2020,12174.65039,28807.59961,18125
14-02-2020,12113.4502,28501.05078,17978.80078
17-02-2020,12045.7998,28169.59961,17824.90039
18-02-2020,11992.5,28060.34961,17725.59961
19-02-2020,12125.90039,28630.75,17990.09961
20-02-2020,12080.84961,28669.80078,18109.84961
24-02-2020,11829.40039,28073.90039,17764.09961
25-02-2020,11797.90039,27863.65039,17699.90039
26-02-2020,11678.5,27470.15039,17512.44922
27-02-2020,11633.2998,27404.30078,17369.5
28-02-2020,11201.75,26482,16786.34961
02-03-2020,11132.75,26404.30078,16671.75
03-03-2020,11303.2998,26926.30078,17004.34961
04-03-2020,11251,26717.15039,16746.44922
05-03-2020,11269,26877.55078,16769.90039
06-03-2020,10989.4502,26291.84961,16375.15039
09-03-2020,10451.4502,25139.44922,15633.4502
11-03-2020,10458.40039,24955.59961,15494.84961
12-03-2020,9590.150391,22776.40039,14243.0498
13-03-2020,9955.200195,23423.80078,14608.09961
16-03-2020,9197.400391,22184.34961,13695.2998
17-03-2020,8967.049805,22003.15039,13349.65039
18-03-2020,8468.799805,20924.75,12595.09961
19-03-2020,8263.450195,20238.25,12064.5498
20-03-2020,8745.450195,20963.80078,12661.25
23-03-2020,7610.25,18524.65039,10990.7998
24-03-2020,7801.049805,18720.09961,11110.40039
25-03-2020,8317.849609,19393,11481.59961
26-03-2020,8641.450195,20459.84961,11838.5498
27-03-2020,8660.25,20431.59961,11763.34961
30-03-2020,8281.099609,20263,11446.15039
31-03-2020,8597.75,21116.25,11703.75
01-04-2020,8253.799805,20664.55078,11470.9502
03-04-2020,8083.799805,20399.69922,11316.75
07-04-2020,8792.200195,21702.30078,11929.5498
08-04-2020,8748.75,22139.65039,12143.5498
09-04-2020,9111.900391,22898.84961,12553.5
13-04-2020,8993.849609,22864.5,12375.7002
15-04-2020,8925.299805,23051.15039,12533.5
16-04-2020,8992.799805,23222.84961,12760.34961
17-04-2020,9266.75,23513.69922,13046.7998
20-04-2020,9261.849609,23395.40039,13113.65039
21-04-2020,8981.450195,23022.84961,12708.7002
22-04-2020,9187.299805,23310.75,12803.59961
23-04-2020,9313.900391,23372.65039,12964.65039
24-04-2020,9154.400391,22963.80078,12695.7002
27-04-2020,9282.299805,23429.25,12893.7002
28-04-2020,9380.900391,23367.94922,13061
29-04-2020,9553.349609,23624.05078,13227.5498
30-04-2020,9859.900391,24102.75,13502
04-05-2020,9293.5,23108.94922,12908.40039
05-05-2020,9205.599609,22791.5,12817.40039
06-05-2020,9270.900391,23009.80078,12899.65039
07-05-2020,9199.049805,22759.84961,12831
08-05-2020,9251.5,22959.5,12788.9502
11-05-2020,9239.200195,23201.44922,12863.40039
12-05-2020,9196.549805,23164.65039,12771.2998
13-05-2020,9383.549805,23457.65039,13064
14-05-2020,9142.75,23306.59961,13018.2002
15-05-2020,9136.849609,23177.80078,12992.0498
18-05-2020,8823.25,22447.40039,12409.34961
19-05-2020,8879.099609,22567.80078,12471.15039
20-05-2020,9066.549805,23003.09961,12664.2002
21-05-2020,9106.25,23283.05078,12762.65039
22-05-2020,9039.25,23031.55078,12668.0498
26-05-2020,9029.049805,23061.80078,12835.65039
27-05-2020,9314.950195,23088.5,12911.25
28-05-2020,9490.099609,23496.5,13129.9502
29-05-2020,9580.299805,24065,13273
01-06-2020,9826.150391,24440.5,13684.65039
02-06-2020,9979.099609,24600,13870.40039
03-06-2020,10061.5498,24745.19922,13924.2998
04-06-2020,10029.09961,24854.80078,13912.7998
05-06-2020,10142.15039,25324.80078,14158.0498
08-06-2020,10167.4502,25329.44922,14222.65039
09-06-2020,10046.65039,25162.65039,14168.65039
10-06-2020,10116.15039,25153.75,14342
11-06-2020,9902,24768.80078,14157.7998
12-06-2020,9972.900391,25018.75,14339.34961
15-06-2020,9813.700195,24793.30078,14168.5498
16-06-2020,9914,24863.44922,14230.59961
17-06-2020,9881.150391,24883.80078,14246.7998
18-06-2020,10091.65039,24953.65039,14427.5498
19-06-2020,10244.40039,25227,14565.84961
22-06-2020,10311.2002,25723.30078,14797.34961
23-06-2020,10471,26188.84961,15022.4502
24-06-2020,10305.2998,25911.94922,14809.9502
25-06-2020,10288.90039,25931.05078,14941.40039
26-06-2020,10383,25974.5,14975.25
29-06-2020,10312.40039,25759.5,14735.2002
30-06-2020,10302.09961,25743.69922,14704
01-07-2020,10430.0498,25755.44922,14777.7002
02-07-2020,10551.7002,25947.5,14944.75
03-07-2020,10607.34961,26146.25,15042.65039
06-07-2020,10763.65039,26264.84961,15297.15039
07-07-2020,10799.65039,26390.59961,15364.09961
08-07-2020,10705.75,26299.5,15304.4502
09-07-2020,10813.4502,26268.59961,15362.4502
10-07-2020,10768.0498,26208.65039,15253.59961
13-07-2020,10802.7002,26274.84961,15217.15039
14-07-2020,10607.34961,26016.90039,15052.34961
15-07-2020,10618.2002,25875.25,14951.9502
16-07-2020,10739.9502,25950.05078,15033.75
17-07-2020,10901.7002,26375.80078,15242.2998
20-07-2020,11022.2002,26525.75,15388.5498
21-07-2020,11162.25,26571.59961,15402.34961
22-07-2020,11132.59961,26426.84961,15423.25
23-07-2020,11215.4502,26642.30078,15571.59961
24-07-2020,11194.15039,26340.55078,15528.5498
27-07-2020,11131.7998,26134.30078,15323.7998
28-07-2020,11300.5498,26309.75,15460.09961
29-07-2020,11202.84961,26433.05078,15535.0498
30-07-2020,11102.15039,26565.40039,15405.7002
31-07-2020,11073.4502,26861.34961,15471.2998
03-08-2020,10891.59961,26725.75,15468.7002
04-08-2020,11095.25,26897.19922,15640.40039
05-08-2020,11101.65039,26874.30078,15725.7002
06-08-2020,11200.15039,27064.44922,15905.15039
07-08-2020,11214.0498,27130.44922,16103.34961
10-08-2020,11270.15039,27526.05078,16312.7002
11-08-2020,11322.5,27392.05078,16256.7002
12-08-2020,11308.40039,27381.15039,16268.84961
13-08-2020,11300.4502,27515.80078,16524.80078
14-08-2020,11178.40039,27260.44922,16383.25
17-08-2020,11247.09961,27351.44922,16455.44922
18-08-2020,11385.34961,27667.65039,16660.05078
19-08-2020,11408.40039,27709.69922,16763.80078
20-08-2020,11312.2002,27687.90039,16899.94922
21-08-2020,11371.59961,27772.44922,16982.19922
24-08-2020,11466.4502,27776.44922,17101.44922
25-08-2020,11472.25,27801.19922,17159.65039
26-08-2020,11549.59961,27818.59961,17249.44922
27-08-2020,11559.25,27935.55078,17269.94922
28-08-2020,11647.59961,28018.75,17369.05078
31-08-2020,11387.5,26824.15039,16682.65039
01-09-2020,11470.25,27142.90039,16819.40039
02-09-2020,11535,27448,17069.69922
03-09-2020,11527.4502,27614.19922,17214.15039
04-09-2020,11333.84961,27105.5,16926.19922
07-09-2020,11355.0498,27016,16780.25
08-09-2020,11317.34961,26832.75,16539.90039
09-09-2020,11278,26788.05078,16450.15039
10-09-2020,11449.25,27048.34961,16653.05078
11-09-2020,11464.4502,27288.5,16765.80078
14-09-2020,11440.0498,27256,17206.5
15-09-2020,11521.7998,27515.80078,17393.34961
16-09-2020,11604.5498,27646.05078,17452.90039
17-09-2020,11516.09961,27486.25,17410.94922
18-09-2020,11504.9502,27552.84961,17399.44922
21-09-2020,11250.5498,26671.25,16765.19922
22-09-2020,11153.65039,26357.5,16507.75
23-09-2020,11131.84961,26290,16453.44922
24-09-2020,10805.5498,25696.59961,16039.7998
25-09-2020,11050.25,26397.69922,16504
28-09-2020,11227.5498,26990.90039,16998.25
29-09-2020,11222.40039,26866,16973.59961
30-09-2020,11247.5498,27034.25,16983.05078
01-10-2020,11416.9502,27250.94922,17125
05-10-2020,11503.34961,27321.30078,17107.94922
06-10-2020,11662.40039,27423.30078,17216.25
07-10-2020,11738.84961,27354.94922,17128.40039
08-10-2020,11834.59961,27489,17146.34961
09-10-2020,11914.2002,27410.30078,17093.25
12-10-2020,11930.9502,27297.34961,16994.65039
13-10-2020,11934.5,27183.80078,16913.15039
14-10-2020,11971.0498,27383.44922,16886.25
15-10-2020,11680.34961,26922.05078,16599.59961
16-10-2020,11762.4502,27155.69922,16787
19-10-2020,11873.0498,27379.75,16915.84961
20-10-2020,11896.7998,27435,17023.25
21-10-2020,11937.65039,27370.69922,17065.44922
22-10-2020,11896.4502,27351.30078,17171.30078
23-10-2020,11930.34961,27432.55078,17306.19922
26-10-2020,11767.75,27062.40039,17009.84961
27-10-2020,11889.40039,27462.15039,17217.25
28-10-2020,11729.59961,27236.19922,17047.59961
29-10-2020,11670.7998,27357.59961,16974.05078
30-10-2020,11642.40039,27348.44922,17066.5
02-11-2020,11669.15039,27445,17135.19922
03-11-2020,11813.5,27603.55078,17254.90039
04-11-2020,11908.5,27788.40039,17367.05078
05-11-2020,12120.2998,28234.34961,17676.90039
06-11-2020,12263.5498,28334.84961,17802.75
09-11-2020,12461.0498,28746,17957.40039
10-11-2020,12631.09961,28547.44922,18007.94922
11-11-2020,12749.15039,28879.80078,18075
12-11-2020,12690.7998,29050,18182.90039
13-11-2020,12719.9502,29310.05078,18353.40039
17-11-2020,12874.2002,29689.09961,18652.30078
18-11-2020,12938.25,29790.94922,18924.15039
19-11-2020,12771.7002,29579.80078,18802.30078
20-11-2020,12859.0498,29952.90039,18962.55078
23-11-2020,12926.4502,30220.30078,19211.40039
24-11-2020,13055.15039,30377.15039,19352.25
25-11-2020,12858.40039,29916.30078,19032.59961
26-11-2020,12987,30186.05078,19196.44922
27-11-2020,12968.9502,30334.40039,19715.09961
01-12-2020,13109.0498,30734.69922,19903.90039
02-12-2020,13113.75,30992.55078,20001.69922
03-12-2020,13133.90039,31319.40039,20127.25
04-12-2020,13258.5498,31439.09961,20197.30078
07-12-2020,13355.75,31724.75,20428.44922
08-12-2020,13392.9502,31714.40039,20439.19922
09-12-2020,13529.09961,31722.19922,20563.44922
10-12-2020,13478.2998,31850.65039,20392.69922
11-12-2020,13513.84961,31928.80078,20437.19922
14-12-2020,13558.15039,32043.44922,20571.25
15-12-2020,13567.84961,31972.69922,20668.05078
16-12-2020,13682.7002,32143.84961,20906.44922
17-12-2020,13740.7002,32031.75,20849.40039
18-12-2020,13760.5498,32082.75,20797.44922
21-12-2020,13328.40039,30971.5,19797.34961
22-12-2020,13466.2998,31417.30078,19964.90039
23-12-2020,13601.09961,31949.80078,20439.94922
24-12-2020,13749.25,32068.55078,20475.75
28-12-2020,13873.2002,32351.05078,20718.59961
29-12-2020,13932.59961,32331.5,20695.69922
30-12-2020,13981.9502,32464.40039,20741.69922
31-12-2020,13981.75,32508.55078,20842.5
04-01-2021,14132.90039,33281.64844,21388.5
05-01-2021,14199.5,33818.75,21533.94922
06-01-2021,14146.25,33755.5,21651.55078
07-01-2021,14137.34961,33889.35156,21964.55078
08-01-2021,14347.25,34331.05078,22194.09961
11-01-2021,14484.75,34458.60156,22140.09961
12-01-2021,14563.4502,34363.19922,22289.15039
13-01-2021,14564.84961,34156,22155.25
14-01-2021,14595.59961,34318.44922,22169.40039
15-01-2021,14433.7002,33780.94922,21934.25
18-01-2021,14281.2998,33159.64844,21470.15039
19-01-2021,14521.15039,33725.19922,21969.19922
20-01-2021,14644.7002,33917.39844,22197.40039
21-01-2021,14590.34961,33614.55078,21927.40039
22-01-2021,14371.90039,33339.14844,21659.05078
25-01-2021,14238.90039,33080.44922,21455.19922
27-01-2021,13967.5,32642.55078,21115.34961
28-01-2021,13817.5498,32513.44922,20989.94922
29-01-2021,13634.59961,31743.25,20909.84961
01-02-2021,14281.2002,32661.55078,21600.90039
02-02-2021,14647.84961,33327.10156,22115.09961
03-02-2021,14789.9502,33486.10156,22434.80078
04-02-2021,14895.65039,34023.94922,22673.15039
05-02-2021,14924.25,33790.85156,22425.90039
08-02-2021,15115.7998,34165.25,22764.94922
09-02-2021,15109.2998,34147.30078,22747.40039
10-02-2021,15106.5,34281.55078,22926.44922
11-02-2021,15173.2998,34541.10156,22968.09961
12-02-2021,15163.2998,34626.75,22914.34961
15-02-2021,15314.7002,34993.75,23213.65039
16-02-2021,15313.4502,35133.19922,23316.5
17-02-2021,15208.90039,35205.14844,23388.30078
18-02-2021,15118.9502,35377.14844,23499.19922
19-02-2021,14981.75,34906.89844,23118.75
22-02-2021,14675.7002,34340.75,22822.80078
23-02-2021,14707.7998,34581.30078,23053.34961
24-02-2021,14982,34766.10156,23290.80078
25-02-2021,15097.34961,34996.80078,23646.80078
26-02-2021,14529.15039,34226.35156,23268.5
01-03-2021,14761.5498,34552.05078,23684.80078
02-03-2021,14919.09961,35151.35156,24086.65039
03-03-2021,15245.59961,35712.75,24488.44922
04-03-2021,15080.75,35777.44922,24608.34961
05-03-2021,14938.09961,35258.44922,24078.15039
08-03-2021,14956.2002,35199.25,24149.30078
09-03-2021,15098.40039,34927.5,24024.25
10-03-2021,15174.7998,35138,24220.09961
12-03-2021,15030.9502,34808.94922,24115.59961
15-03-2021,14929.5,34624.10156,23952.30078
16-03-2021,14910.4502,34786,24048.30078
17-03-2021,14721.2998,34102.10156,23451.59961
18-03-2021,14557.84961,33692.85156,23129.84961
19-03-2021,14744,34075.85156,23412.75
22-03-2021,14736.40039,34412.85156,23603.59961
23-03-2021,14814.75,34832.19922,23808.40039
24-03-2021,14549.40039,34310,23334.94922
25-03-2021,14324.90039,33554.19922,22858.55078
26-03-2021,14507.2998,33962.55078,23213.94922
30-03-2021,14845.09961,34079.35156,23609.40039
31-03-2021,14690.7002,34176.25,23693.15039
01-04-2021,14867.34961,34689.55078,24117.75
05-04-2021,14637.7998,34370.64844,23798.59961
06-04-2021,14683.5,34714.05078,24016.19922
07-04-2021,14819.0498,35057.25,24333.30078
08-04-2021,14873.7998,35321.14844,24462.40039
09-04-2021,14834.84961,35358.89844,24505.69922
12-04-2021,14310.7998,33713.94922,23114.15039
13-04-2021,14504.7998,34063.5,23516.84961
15-04-2021,14581.4502,34273.25,23530
16-04-2021,14617.84961,34640.69922,23760.65039
19-04-2021,14359.4502,34047.25,23256.34961
20-04-2021,14296.40039,34199.39844,23326
22-04-2021,14406.15039,34242.85156,23432.65039
23-04-2021,14341.34961,34284.85156,23492.75
26-04-2021,14485,34457.64844,23675.09961
27-04-2021,14653.0498,34724.64844,24047.15039
28-04-2021,14864.5498,34938.14844,24313.5
29-04-2021,14894.90039,34926.19922,24286.44922
30-04-2021,14631.09961,34759.19922,24195.90039
03-05-2021,14634.15039,35059.55078,24263.5
04-05-2021,14496.5,34921.44922,24167.80078
05-05-2021,14617.84961,35496.19922,24410.09961
06-05-2021,14724.7998,35697.69922,24639
07-05-2021,14823.15039,35816.94922,24545.65039
10-05-2021,14942.34961,36190.14844,24776.80078
11-05-2021,14850.75,36263.39844,24971.75
12-05-2021,14696.5,36308.64844,24770.40039
14-05-2021,14677.7998,35790.80078,24363.65039
17-05-2021,14923.15039,36242.35156,24812.65039
18-05-2021,15108.09961,36726.14844,25266.65039
19-05-2021,15030.15039,36967.30078,25232.80078
20-05-2021,14906.0498,36946.60156,25211.69922
21-05-2021,15175.2998,37104.85156,25413.40039
24-05-2021,15197.7002,37371.19922,25584.30078
25-05-2021,15208.4502,37239.80078,25544.34961
26-05-2021,15301.4502,37192.85156,25565.69922
27-05-2021,15337.84961,37366.5,25704.90039
28-05-2021,15435.65039,37394.44922,25695.09961
31-05-2021,15582.7998,37728.55078,25775.44922
01-06-2021,15574.84961,37688.10156,25749.5
02-06-2021,15576.2002,38379.94922,26118
03-06-2021,15690.34961,38736.35156,26362.55078
04-06-2021,15670.25,38914.5,26551.59961
07-06-2021,15751.65039,38948.05078,26881.40039
08-06-2021,15740.09961,39096.75,27042.80078
09-06-2021,15635.34961,38734.85156,26847.80078
10-06-2021,15737.75,39207.64844,27268.44922
11-06-2021,15799.34961,39294.85156,27329.15039
14-06-2021,15811.84961,39121.94922,27198.5
15-06-2021,15869.25,39248.75,27364.34961
16-06-2021,15767.5498,38883.10156,27108.5
17-06-2021,15691.40039,38519.30078,26776.34961
18-06-2021,15683.34961,38315.14844,26496.30078
21-06-2021,15746.5,38648.94922,26705.19922
22-06-2021,15772.75,38839.05078,26732.75
23-06-2021,15686.9502,38525,26675.84961
24-06-2021,15790.4502,38340.89844,26601.44922
25-06-2021,15860.34961,38603.44922,26895
28-06-2021,15814.7002,38754.35156,27036.5
29-06-2021,15748.4502,38678.14844,26901.09961
30-06-2021,15721.5,38513.25,26970.75
01-07-2021,15680,38642.25,26882.59961
02-07-2021,15722.2002,38533.85156,27020.09961
05-07-2021,15834.34961,38776,27163
06-07-2021,15818.25,38772.75,27149.19922
07-07-2021,15879.65039,38936.35156,27328.34961
08-07-2021,15727.90039,38855.55078,27213.19922
09-07-2021,15689.7998,38919.94922,27382.75
12-07-2021,15692.59961,38949.35156,27503.59961
13-07-2021,15812.34961,38873.5,27560.75
14-07-2021,15853.9502,38874,27623.30078
15-07-2021,15924.2002,39001.85156,27754.69922
16-07-2021,15923.40039,39188.14844,27851.15039
19-07-2021,15752.40039,38934.75,27625.40039
20-07-2021,15632.09961,38676.19922,27227.84961
22-07-2021,15824.0498,39359.75,27538.34961
23-07-2021,15856.0498,39312.35156,27584.80078
26-07-2021,15824.4502,39351.30078,27573.84961
27-07-2021,15746.4502,39105.39844,27455.09961
28-07-2021,15709.40039,39174.85156,27315.30078
29-07-2021,15778.4502,39196.25,27512.30078
30-07-2021,15763.0498,39363.64844,27815.25
02-08-2021,15885.15039,39721.35156,28250.40039
03-08-2021,16130.75,40053.10156,28265.65039
04-08-2021,16258.7998,39765.85156,27928.19922
05-08-2021,16294.59961,39678.85156,27929.94922
06-08-2021,16238.2002,39762.89844,27945.69922
09-08-2021,16258.25,39579.69922,27742.5
10-08-2021,16280.09961,39420.39844,27439.25
11-08-2021,16282.25,39331.14844,27406.30078
12-08-2021,16364.40039,39451.80078,27684
13-08-2021,16529.09961,39500.85156,27600.09961
16-08-2021,16563.05078,39548.05078,27507.44922
17-08-2021,16614.59961,39755.19922,27597.80078
18-08-2021,16568.84961,39973.64844,27676.80078
20-08-2021,16450.5,39381.85156,27124.75
23-08-2021,16496.44922,39220.14844,26892.69922
24-08-2021,16624.59961,39601.80078,27276.69922
25-08-2021,16634.65039,39784.94922,27363.05078
26-08-2021,16636.90039,39904.05078,27416
27-08-2021,16705.19922,40403.89844,27705.55078
30-08-2021,16931.05078,41028.5,28242.40039
31-08-2021,17132.19922,41585.44922,28417.25
01-09-2021,17076.25,41887.55078,28629.44922
02-09-2021,17234.15039,42315.64844,28916.65039
03-09-2021,17323.59961,42559.10156,29060.05078
06-09-2021,17377.80078,42503.5,29178.34961
07-09-2021,17362.09961,42357.69922,29105
08-09-2021,17353.5,42588.85156,29255.55078
09-09-2021,17369.25,42774.5,29341.09961
13-09-2021,17355.30078,42907.5,29473.44922
14-09-2021,17380,43041.94922,29871.65039
15-09-2021,17519.44922,43212.10156,30175.59961
16-09-2021,17629.5,43514.60156,30283.09961
17-09-2021,17585.15039,43157.25,29899.40039
20-09-2021,17396.90039,42354.55078,29254.84961
21-09-2021,17562,42725.14844,29442.44922
22-09-2021,17546.65039,42957.55078,29933.90039
23-09-2021,17822.94922,43437.69922,30380.84961
24-09-2021,17853.19922,43071.64844,30143.59961
27-09-2021,17855.09961,42949.75,30152.44922
28-09-2021,17748.59961,42640.69922,29951.30078
29-09-2021,17711.30078,42411.05078,30274.09961
30-09-2021,17618.15039,42383.85156,30384
01-10-2021,17532.05078,42513.64844,30396.84961
04-10-2021,17691.25,43159.55078,30875.34961
05-10-2021,17822.30078,43332.25,31009.40039
06-10-2021,17646,42919.30078,30728.19922
07-10-2021,17790.34961,43371.05078,31304.44922
08-10-2021,17895.19922,43270.69922,31437.75
11-10-2021,17945.94922,43465.14844,31630.80078
12-10-2021,17991.94922,43792.85156,31805.5
13-10-2021,18161.75,44217.25,32294.15039
14-10-2021,18338.55078,44597.39844,32503.5
18-10-2021,18477.05078,44708.10156,32884.80078
19-10-2021,18418.75,44085.44922,32170.69922
20-10-2021,18266.59961,43322.69922,31478.30078
21-10-2021,18178.09961,43002.39844,31356.15039
22-10-2021,18114.90039,42403.80078,31082.44922
25-10-2021,18125.40039,42032.60156,30553.40039
26-10-2021,18268.40039,42528.94922,31101.94922
27-10-2021,18210.94922,42748.64844,31125.55078
28-10-2021,17857.25,41842.64844,30514.05078
29-10-2021,17671.65039,42087,30469.55078
01-11-2021,17929.65039,42610.85156,31023.69922
02-11-2021,17888.94922,42629.64844,31281.05078
03-11-2021,17829.19922,42872.5,31197.5
04-11-2021,17916.80078,43099.35156,31442.65039
08-11-2021,18068.55078,43660.85156,31818.65039
09-11-2021,18044.25,43822,32186.34961
10-11-2021,18017.19922,43898.44922,32044.44922
11-11-2021,17873.59961,43710.05078,31782.15039
12-11-2021,18102.75,44242.55078,31925.84961
15-11-2021,18109.44922,44362.14844,32028.30078
16-11-2021,17999.19922,44290.19922,31942.55078
17-11-2021,17898.65039,44241.44922,31729
18-11-2021,17764.80078,43615.44922,31271.40039
22-11-2021,17416.55078,42804.39844,30331.59961
23-11-2021,17503.34961,43448.05078,30865.30078
24-11-2021,17415.05078,43216,30743.25
25-11-2021,17536.25,43588.69922,30926.59961
26-11-2021,17026.44922,42271.35156,29920.40039
29-11-2021,17053.94922,41883.69922,29515.25
30-11-2021,16983.19922,41782.35156,29650.65039
01-12-2021,17166.90039,42022.55078,29955.69922
02-12-2021,17401.65039,42438.69922,30296.44922
03-12-2021,17196.69922,42353.64844,30293.25
06-12-2021,16912.25,41536.69922,29863.19922
07-12-2021,17176.69922,42165.64844,30282.59961
08-12-2021,17469.75,42711.85156,30769.15039
09-12-2021,17516.84961,42801.89844,30955.19922
10-12-2021,17511.30078,42968.05078,31203.05078
13-12-2021,17368.25,42760.10156,31125.69922
14-12-2021,17324.90039,42900,31067.25
15-12-2021,17221.40039,42545.75,30888.55078
16-12-2021,17248.40039,42399,30676.75
17-12-2021,16985.19922,41353.60156,29939.30078
20-12-2021,16614.19922,40183.85156,28838.19922
21-12-2021,16770.84961,40941.75,29207.75
22-12-2021,16955.44922,41503.5,29659.09961
23-12-2021,17072.59961,41947,29927.30078
24-12-2021,17003.75,41509.05078,29612.84961
27-12-2021,17086.25,41618.64844,29743.15039
28-12-2021,17233.25,41993.60156,30094.84961
29-12-2021,17213.59961,41898.10156,30135.30078
30-12-2021,17203.94922,41577.5,30023.25
31-12-2021,17354.05078,42217.89844,30442.90039
03-01-2022,17625.69922,42549.69922,30788
04-01-2022,17805.25,42556.35156,30870.34961
05-01-2022,17925.25,42760.39844,30917.55078
06-01-2022,17745.90039,42649.60156,30956.84961
07-01-2022,17812.69922,42826.35156,31111.55078
10-01-2022,18003.30078,42994.30078,31371.65039
11-01-2022,18055.75,42975.30078,31400.40039
12-01-2022,18212.34961,43295.75,31791.55078
13-01-2022,18257.80078,43488.75,31997.19922
14-01-2022,18255.75,43551.75,31989.65039
17-01-2022,18308.09961,43713.25,32040.59961
18-01-2022,18113.05078,42958.55078,31381.44922
19-01-2022,17938.40039,42928.19922,31363.30078
20-01-2022,17757,42895.85156,31312.05078
21-01-2022,17617.15039,42182.19922,30563.59961
24-01-2022,17149.09961,40616.05078,29383
25-01-2022,17277.94922,40998.75,29676.90039
27-01-2022,17110.15039,40299.30078,29364.69922
28-01-2022,17101.94922,40633.19922,29804.90039
31-01-2022,17339.84961,41097.25,30273.94922
01-02-2022,17576.84961,41810.60156,30611.59961
02-02-2022,17780,42249.10156,30971.55078
03-02-2022,17560.19922,42030.14844,30673.90039
04-02-2022,17516.30078,41998,30441.55078
07-02-2022,17213.59961,41716.89844,30129.25
08-02-2022,17266.75,41522.10156,29916.84961
09-02-2022,17463.80078,41991.89844,30257.09961
10-02-2022,17605.84961,42165.35156,30343.44922
11-02-2022,17374.75,41553.05078,29729.40039
14-02-2022,16842.80078,40164.80078,28558.75
15-02-2022,17352.44922,41138.80078,29375.30078
16-02-2022,17322.19922,41058.19922,29289.94922
17-02-2022,17304.59961,41145.64844,29201.30078
18-02-2022,17276.30078,40709.14844,28934.34961
21-02-2022,17206.65039,40177.44922,28575.75
22-02-2022,17092.19922,40096.94922,28284.90039
23-02-2022,17063.25,40434.19922,28467
24-02-2022,16247.9502,38165.19922,26832.65039
25-02-2022,16658.40039,39609.39844,27953.30078
28-02-2022,16793.90039,40052.10156,28223.44922
02-03-2022,16605.94922,40063.89844,28217.09961
03-03-2022,16498.05078,40010.5,28102.90039
04-03-2022,16245.34961,39042.30078,27517.09961
07-03-2022,15863.15039,38014.89844,26865.90039
08-03-2022,16013.4502,38587.85156,27198.55078
09-03-2022,16345.34961,39132.89844,27785.5
10-03-2022,16594.90039,39890.80078,28038.69922
11-03-2022,16630.44922,40087.10156,28210.34961
14-03-2022,16871.30078,39939.85156,28267.5
15-03-2022,16663,39567.35156,28021.34961
16-03-2022,16975.34961,40462,28584.55078
17-03-2022,17287.05078,41059,28977.90039
21-03-2022,17117.59961,40504.25,28896.44922
22-03-2022,17315.5,40572.85156,28977.30078
23-03-2022,17245.65039,40660.94922,29137.30078
24-03-2022,17222.75,40738,29308.34961
25-03-2022,17153,40754.55078,29274.55078
28-03-2022,17222,40614.80078,29221.19922
29-03-2022,17325.30078,40811.94922,29342.30078
30-03-2022,17498.25,41054.69922,29590.69922
31-03-2022,17464.75,41115.39844,29692.30078
01-04-2022,17670.44922,41754.10156,30134.55078
04-04-2022,18053.40039,42403.89844,30625.19922
05-04-2022,17957.40039,42753.25,31046.69922
06-04-2022,17807.65039,42910.44922,31229.19922
07-04-2022,17639.55078,42784.30078,30911.30078
08-04-2022,17784.34961,43445.89844,31214.19922
11-04-2022,17674.94922,43878.14844,31408.15039
12-04-2022,17530.30078,43382.19922,30804.90039
13-04-2022,17475.65039,43443.89844,30796.30078
18-04-2022,17173.65039,43289.39844,30473.55078
19-04-2022,16958.65039,42500.44922,30055
20-04-2022,17136.55078,42713,30279.25
21-04-2022,17392.59961,43256.14844,30603.30078
22-04-2022,17171.94922,42934.55078,30315.84961
25-04-2022,16953.94922,42084.35156,29733.09961
26-04-2022,17200.80078,43072.25,30215.34961
27-04-2022,17038.40039,42504.75,29954.30078
28-04-2022,17245.05078,43086.10156,30134.59961
29-04-2022,17102.55078,42533.94922,29880.34961
02-05-2022,17069.09961,42381.14844,29703.40039
04-05-2022,16677.59961,41162.35156,29074.30078
05-05-2022,16682.65039,41225.64844,29104.34961
06-05-2022,16411.25,40354.25,28584.19922
09-05-2022,16301.84961,39574.64844,28074.44922
10-05-2022,16240.0498,38690.14844,27548.59961
11-05-2022,16167.09961,38645.69922,27450.80078
12-05-2022,15808,37675.85156,26810.05078
13-05-2022,15782.15039,37507.5,27085.65039
16-05-2022,15842.2998,38074.05078,27425.5
17-05-2022,16259.2998,39047.75,28172.90039
18-05-2022,16240.2998,39069,28111.69922
19-05-2022,15809.40039,38000,27271.90039
20-05-2022,16266.15039,38569.14844,27872.19922
23-05-2022,16214.7002,38234.14844,27775.44922
24-05-2022,16125.15039,37912.44922,27595.30078
25-05-2022,16025.7998,37268.30078,26918.69922
26-05-2022,16170.15039,37784.10156,27281.15039
27-05-2022,16352.4502,38039.60156,27657.25
30-05-2022,16661.40039,38945.80078,28326.34961
31-05-2022,16584.55078,38981.80078,28288.34961
01-06-2022,16522.75,38615.69922,28299.90039
02-06-2022,16628,38818.5,28491.15039
03-06-2022,16584.30078,38257.55078,28023.34961
06-06-2022,16569.55078,38146.19922,27992.65039
07-06-2022,16416.34961,37826.10156,27803.94922
08-06-2022,16356.25,37707.94922,27670.80078
09-06-2022,16478.09961,38002.94922,27805.90039
10-06-2022,16201.7998,37657.14844,27575.80078
13-06-2022,15774.40039,36842,26777.80078
14-06-2022,15732.09961,36955.44922,26715.65039
15-06-2022,15692.15039,37036.10156,26809
16-06-2022,15360.59961,36268.69922,26180.34961
17-06-2022,15293.5,35668.19922,25877.69922
20-06-2022,15350.15039,35405.39844,25292.90039
21-06-2022,15638.7998,36381.05078,26194.40039
22-06-2022,15413.2998,35716.25,25767.84961
23-06-2022,15556.65039,36141.10156,26079.94922
24-06-2022,15699.25,36616.30078,26449.05078
27-06-2022,15832.0498,36882.44922,26713.25
28-06-2022,15850.2002,36937.25,26791
29-06-2022,15799.09961,36679.25,26672.15039
30-06-2022,15780.25,36505.39844,26452.75
01-07-2022,15752.0498,36901.19922,26587.30078
04-07-2022,15835.34961,37273.89844,26769.55078
05-07-2022,15810.84961,37306,26698.09961
06-07-2022,15989.7998,37937.64844,27204.34961
07-07-2022,16132.90039,38264.39844,27572.44922
08-07-2022,16220.59961,38374.64844,27649.05078
11-07-2022,16216,38979.60156,27908.05078
12-07-2022,16058.2998,38849.25,27782.05078
13-07-2022,15966.65039,38835.75,27827.84961
14-07-2022,15938.65039,38791.35156,27803.5
15-07-2022,16049.2002,38944.35156,28017.25
18-07-2022,16278.5,39466.75,28409.75
19-07-2022,16340.5498,39657.69922,28600.94922
20-07-2022,16520.84961,39730.55078,28654.40039
21-07-2022,16605.25,40314.39844,29049.15039
22-07-2022,16719.44922,40165,29047.84961
25-07-2022,16631,40122.5,29020.75
26-07-2022,16483.84961,39613.10156,28658.75
27-07-2022,16641.80078,39938.85156,28976.30078
28-07-2022,16929.59961,40397.60156,29219.75
29-07-2022,17158.25,40906.14844,29634.25
01-08-2022,17340.05078,41499.75,30128
02-08-2022,17345.44922,41674.05078,30228.15039
03-08-2022,17388.15039,41514.10156,30017.65039
04-08-2022,17382,41724.89844,30190.84961
05-08-2022,17397.5,41684.25,30258.34961
08-08-2022,17525.09961,41894.14844,30366.05078
10-08-2022,17534.75,41748.85156,30318.90039
11-08-2022,17659,42095.30078,30583.84961
12-08-2022,17698.15039,42211.39844,30806.34961
16-08-2022,17825.25,42877.5,31254.55078
17-08-2022,17944.25,43313.05078,31401.40039
18-08-2022,17956.5,43576.89844,31460.19922
19-08-2022,17758.44922,43133.80078,31005
22-08-2022,17490.69922,42337.5,30379.5
23-08-2022,17577.5,42543.55078,30734.65039
24-08-2022,17604.94922,42797.25,30960.90039
25-08-2022,17522.44922,42808.5,30942.90039
26-08-2022,17558.90039,43030.60156,31112.94922
29-08-2022,17312.90039,42773.60156,30853.84961
30-08-2022,17759.30078,43709.14844,31481.69922
01-09-2022,17542.80078,43713.80078,31516.30078
02-09-2022,17539.44922,43633.55078,31402.30078
05-09-2022,17665.80078,43582.75,31522.30078
06-09-2022,17655.59961,43865.64844,31706.05078
07-09-2022,17624.40039,44019.44922,31865.55078
08-09-2022,17798.75,44137.44922,31923.05078
09-09-2022,17833.34961,44109.94922,32035.90039
12-09-2022,17936.34961,44635.64844,32345.44922
13-09-2022,18070.05078,44928.64844,32398.75
14-09-2022,18003.75,45133.30078,32291.75
15-09-2022,17877.40039,45413.39844,32415.69922
16-09-2022,17530.84961,44093.35156,31494.90039
19-09-2022,17622.25,44238.35156,31504.40039
20-09-2022,17816.25,44735.69922,31955.5
21-09-2022,17718.34961,44021.14844,31718.69922
22-09-2022,17629.80078,44207.19922,31826.09961
23-09-2022,17327.34961,43415.05078,31078.69922
26-09-2022,17016.30078,42236.05078,30111.80078
27-09-2022,17007.40039,42347.80078,30160.69922
28-09-2022,16858.59961,42083.80078,30066.15039
29-09-2022,16818.09961,41949.25,30185.65039
30-09-2022,17094.34961,42385.44922,30668.30078
03-10-2022,16887.34961,41412.25,30284.65039
04-10-2022,17274.30078,42381.39844,31090.59961
06-10-2022,17331.80078,42717.75,31482.69922
07-10-2022,17314.65039,42646.69922,31406.80078
10-10-2022,17241,42292.44922,31109.34961
11-10-2022,16983.55078,41514.69922,30567.69922
12-10-2022,17123.59961,41847.64844,30756.55078
13-10-2022,17014.34961,41438,30544.69922
14-10-2022,17185.69922,41287.80078,30524.44922
17-10-2022,17311.80078,41555.80078,30572.65039
18-10-2022,17486.94922,41984.60156,30908
19-10-2022,17512.25,41933.5,30984.44922
20-10-2022,17563.94922,42339.80078,30901.34961
21-10-2022,17576.30078,41777.55078,30691.84961
24-10-2022,17730.75,41912,30845.19922
25-10-2022,17656.34961,41914.80078,30982.69922
27-10-2022,17736.94922,42395.30078,31172.34961
28-10-2022,17786.80078,42189.55078,31003.25
31-10-2022,18012.19922,42623.85156,31432.30078
01-11-2022,18145.40039,43059.05078,31705.5
02-11-2022,18082.84961,42968.44922,31680
03-11-2022,18052.69922,43018.55078,31786.84961
04-11-2022,18117.15039,43097.30078,31707.90039
07-11-2022,18202.80078,43284.5,31963.59961
09-11-2022,18157,43199.69922,31726.30078
10-11-2022,18028.19922,42778.10156,31358.65039
11-11-2022,18349.69922,43189,31381.69922
14-11-2022,18329.15039,43419.89844,31399.15039
15-11-2022,18403.40039,43492.60156,31403.55078
16-11-2022,18409.65039,43173.89844,31197.90039
17-11-2022,18343.90039,42848.94922,31072
18-11-2022,18307.65039,42605.75,30916.69922
21-11-2022,18159.94922,42371.55078,30901.5
22-11-2022,18244.19922,42473.30078,31070
23-11-2022,18267.25,42554.39844,31150.65039
24-11-2022,18484.09961,42717.60156,31289.25
25-11-2022,18512.75,42835.39844,31587.65039
28-11-2022,18562.75,42929.30078,31818.90039
29-11-2022,18618.05078,43147.10156,31677.30078
30-11-2022,18758.34961,43687.89844,32037.90039
01-12-2022,18812.5,43857.44922,32283.84961
02-12-2022,18696.09961,43920.5,32566.84961
05-12-2022,18701.05078,43845.25,32646.94922
06-12-2022,18642.75,43806.19922,32495.25
07-12-2022,18560.5,43892.19922,32308.30078
08-12-2022,18609.34961,44068.44922,32503.94922
09-12-2022,18496.59961,43798.60156,32374.5
12-12-2022,18497.15039,43806.89844,32490.94922
13-12-2022,18608,43734.35156,32667.30078
14-12-2022,18660.30078,43937.10156,32863.19922
15-12-2022,18414.90039,43544.10156,32530.75
16-12-2022,18269,42986.30078,32010.09961
19-12-2022,18420.44922,43413.5,32186.84961
20-12-2022,18385.30078,43329.25,32117
21-12-2022,18199.09961,42638.64844,31610.30078
22-12-2022,18127.34961,42326.35156,31336.65039
23-12-2022,17806.80078,40753.80078,30157.65039
27-12-2022,18132.30078,42139.39844,31283.75
28-12-2022,18122.5,42261.44922,31325.55078
29-12-2022,18191,42252.55078,31350.90039
30-12-2022,18105.30078,42187.64844,31509.09961
02-01-2023,18197.44922,42248.39844,31786.44922
03-01-2023,18232.55078,42434.25,31860.34961
04-01-2023,18042.94922,41861.25,31503.09961
05-01-2023,17992.15039,42150.5,31661.5
06-01-2023,17859.44922,41841.35156,31420.19922
09-01-2023,18101.19922,42179.75,31716.65039
10-01-2023,17914.15039,42026.30078,31559.30078
11-01-2023,17895.69922,41889.89844,31457.19922
12-01-2023,17858.19922,41978.89844,31360.09961
13-01-2023,17956.59961,42152.44922,31328.34961
16-01-2023,17894.84961,42125.14844,31253.05078
17-01-2023,18053.30078,42161.5,31217.59961
18-01-2023,18165.34961,42165.05078,31379.30078
19-01-2023,18107.84961,42019.10156,31344.59961
20-01-2023,18027.65039,41861.44922,31099.80078
23-01-2023,18118.55078,41926.25,31273.80078
24-01-2023,18118.30078,41820.64844,31151.84961
25-01-2023,17891.94922,40768.19922,30694.30078
27-01-2023,17604.34961,39250.44922,30241.90039
30-01-2023,17648.94922,38802.94922,30185.84961
31-01-2023,17662.15039,39199.30078,30676.44922
01-02-2023,17616.30078,38565.14844,30386.65039
02-02-2023,17610.40039,38473.89844,30433
03-02-2023,17854.05078,38464.14844,30378.09961
06-02-2023,17764.59961,38677.60156,30670.65039
07-02-2023,17721.5,38615.5,30663.80078
08-02-2023,17871.69922,38961,30944
09-02-2023,17893.44922,38767.25,30956.65039
10-02-2023,17856.5,38735.39844,31029.44922
13-02-2023,17770.90039,38177.10156,30565.34961
14-02-2023,17929.84961,38134.85156,30481.80078
15-02-2023,18015.84961,38405.19922,30671
16-02-2023,18035.84961,38680.10156,30886.5
17-02-2023,17944.19922,38439.39844,30642.05078
20-02-2023,17844.59961,38319.30078,30666.90039
21-02-2023,17826.69922,38248.25,30556.80078
22-02-2023,17554.30078,37698,30211
23-02-2023,17511.25,37536.30078,30165.65039
24-02-2023,17465.80078,37504.19922,30103.40039
27-02-2023,17392.69922,37153.14844,29894.90039
28-02-2023,17303.94922,37252.55078,30117.30078
01-03-2023,17450.90039,37686.64844,30584.09961
02-03-2023,17321.90039,37665.60156,30486.75
03-03-2023,17594.34961,38008.05078,30697.65039
06-03-2023,17711.44922,38310.55078,30960.05078
08-03-2023,17754.40039,38452.80078,31119.25
09-03-2023,17589.59961,38171.85156,30948.65039
10-03-2023,17412.90039,38083.19922,30717.44922
13-03-2023,17154.30078,37594.94922,30106.84961
14-03-2023,17043.30078,37375.55078,29949.34961
15-03-2023,16972.15039,37354,29971.25
16-03-2023,16985.59961,37579.14844,29997.5
17-03-2023,17100.05078,37787.35156,30092.25
20-03-2023,16988.40039,37512.44922,29782.55078
21-03-2023,17107.5,37728.69922,29958.15039
22-03-2023,17151.90039,37973,30040.59961
23-03-2023,17076.90039,37818.55078,29916.69922
24-03-2023,16945.05078,37528.55078,29565.44922
27-03-2023,16985.69922,37334,29426.59961
28-03-2023,16951.69922,36982.30078,29324.75
29-03-2023,17080.69922,37279,29775.55078
31-03-2023,17359.75,37797.75,30035.15039
03-04-2023,17398.05078,37891.35156,30166.75
05-04-2023,17557.05078,38094.30078,30160.15039
06-04-2023,17599.15039,38187.05078,30353.80078
10-04-2023,17624.05078,38296.75,30470.09961
11-04-2023,17722.30078,38379.64844,30623.5
12-04-2023,17812.40039,38560.89844,30824.05078
13-04-2023,17828,38496.75,30884.65039
17-04-2023,17706.84961,38663.5,31006.5
18-04-2023,17660.15039,38806.14844,31240.75
19-04-2023,17618.75,38459.94922,31211.25
20-04-2023,17624.44922,38475.64844,31219.55078
21-04-2023,17624.05078,38426.05078,31087.34961
24-04-2023,17743.40039,38572,31210
25-04-2023,17769.25,38738.60156,31180.59961
26-04-2023,17813.59961,38888.39844,31228.84961
27-04-2023,17915.05078,38992,31404.19922
28-04-2023,18065,39514.19922,31794.75
02-05-2023,18147.65039,39774.5,32101.80078
03-05-2023,18089.84961,39845.14844,32186.19922
04-05-2023,18255.80078,40096.14844,32374.34961
05-05-2023,18069,40091.25,32148.84961
08-05-2023,18264.40039,40365.10156,32476.09961
09-05-2023,18265.94922,40323.30078,32488.5
10-05-2023,18315.09961,40551.5,32505.34961
11-05-2023,18297,40867,32601.30078
12-05-2023,18314.80078,40801.10156,32468.44922
15-05-2023,18398.84961,40995.05078,32709.40039
16-05-2023,18286.5,41052.05078,32792.85156
17-05-2023,18181.75,40821.39844,32762.75
18-05-2023,18129.94922,40415.35156,32570.55078
19-05-2023,18203.40039,40546.14844,32550.34961
22-05-2023,18314.40039,40923.44922,32756.40039
23-05-2023,18348,41010.35156,32961.89844
24-05-2023,18285.40039,40984.05078,33031.35156
25-05-2023,18321.15039,41213.30078,33157.10156
26-05-2023,18499.34961,41684.69922,33425.10156
29-05-2023,18598.65039,41925.30078,33551
30-05-2023,18633.84961,41946,33635.30078
31-05-2023,18534.40039,42049.30078,33761.30078
01-06-2023,18487.75,42154.69922,33812.39844
02-06-2023,18534.09961,42331.39844,33966.80078
05-06-2023,18593.84961,42401.35156,34015.19922
06-06-2023,18599,42597.10156,34035.89844
07-06-2023,18726.40039,42998.5,34390.10156
08-06-2023,18634.55078,42713.44922,34200.39844
09-06-2023,18563.40039,42672.64844,34153.05078
12-06-2023,18601.5,42870.55078,34342.30078
13-06-2023,18716.15039,43278.64844,34761
14-06-2023,18755.90039,43379.25,34833.30078
15-06-2023,18688.09961,43393.85156,34907
16-06-2023,18826,43836.75,35144.30078
19-06-2023,18755.44922,43764.69922,35158.05078
20-06-2023,18816.69922,43926.30078,35329.19922
21-06-2023,18856.84961,43905.64844,35614.39844
22-06-2023,18771.25,43387.14844,35235.25
23-06-2023,18665.5,42833.14844,34799.89844
26-06-2023,18691.19922,43006.60156,35120.44922
27-06-2023,18817.40039,43192.60156,35296.94922
28-06-2023,18972.09961,43465.44922,35520.94922
30-06-2023,19189.05078,43750.30078,35754.35156
03-07-2023,19322.55078,43924.85156,35843.5
04-07-2023,19389,43758.19922,35771.80078
05-07-2023,19398.5,44108,36024.64844
06-07-2023,19497.30078,44372.10156,36373.10156
07-07-2023,19331.80078,44002.5,36076.80078
10-07-2023,19355.90039,43759.94922,35938.05078
11-07-2023,19439.40039,44090.80078,36252.89844
12-07-2023,19384.30078,44202.85156,36408.14844
13-07-2023,19413.75,43917.10156,36114.35156
14-07-2023,19564.5,44243.05078,36528.94922
17-07-2023,19711.44922,44370.14844,36641.25
18-07-2023,19749.25,44180.60156,36591.39844
19-07-2023,19833.15039,44414.39844,36839
20-07-2023,19979.15039,44350.80078,36931.69922
21-07-2023,19745,44184.75,36799.5
24-07-2023,19672.34961,44176.80078,36742.60156
25-07-2023,19680.59961,44407.55078,36887.64844
26-07-2023,19778.30078,44568.25,37050.10156
27-07-2023,19659.90039,44696.44922,37151.60156
28-07-2023,19646.05078,45166.39844,37357.14844
31-07-2023,19753.80078,45287,37721.35156
01-08-2023,19733.55078,45263.25,37733.44922
02-08-2023,19526.55078,44645.80078,37232.69922
03-08-2023,19381.65039,44414.55078,37326.14844
04-08-2023,19517,44765,37630.60156
07-08-2023,19597.30078,44838.44922,37824.14844
08-08-2023,19570.84961,44838.80078,37912.5
09-08-2023,19632.55078,44948.14844,38037
10-08-2023,19543.09961,44676.14844,38007.60156
11-08-2023,19428.30078,44566.69922,37836.14844
14-08-2023,19434.55078,44008.75,37770.19922
16-08-2023,19465,44009.75,37801.64844
17-08-2023,19365.25,43892.85156,37895.5
18-08-2023,19310.15039,43681,37815.39844
21-08-2023,19393.59961,44033.89844,38126.39844
22-08-2023,19396.44922,44324.5,38544.30078
23-08-2023,19444,44346,38694.64844
24-08-2023,19386.69922,44504.60156,38789
25-08-2023,19265.80078,44087.55078,38471.25
28-08-2023,19306.05078,44326.44922,38662.14844
29-08-2023,19342.65039,44589.39844,38794.80078
30-08-2023,19347.44922,44743.25,39077.55078
31-08-2023,19253.80078,44415.5,39118.64844
01-09-2023,19435.30078,44799.75,39445.60156
04-09-2023,19528.80078,45201,39830.35156
05-09-2023,19574.90039,45294.10156,40253.60156
06-09-2023,19611.05078,45508.14844,40284.10156
07-09-2023,19727.05078,45739.35156,40593.89844
08-09-2023,19819.94922,46110.80078,40977.75
11-09-2023,19996.34961,46585.69922,41444.19922
12-09-2023,19993.19922,45515.35156,40170.30078
13-09-2023,20070,45655.44922,40245.10156
14-09-2023,20103.09961,45971.19922,40716.05078
15-09-2023,20192.34961,46051.85156,40829.89844
18-09-2023,20133.30078,46026.05078,40658.19922
20-09-2023,19901.40039,45620.64844,40543.85156
21-09-2023,19742.34961,45231.19922,40184.85156
22-09-2023,19674.25,45176,40139.14844
25-09-2023,19674.55078,45070.94922,40405.69922
26-09-2023,19664.69922,45158.89844,40338.85156
27-09-2023,19716.44922,45222.60156,40640.80078
28-09-2023,19523.55078,44548.80078,40104.05078
29-09-2023,19638.30078,45036.64844,40537.05078
03-10-2023,19528.75,45186.75,40608.85156
04-10-2023,19436.09961,44560.85156,40047.5
05-10-2023,19545.75,44669.64844,40046
06-10-2023,19653.5,44950.39844,40284.69922
09-10-2023,19512.34961,44407.10156,39744.64844
10-10-2023,19689.84961,45006.19922,40285.5
11-10-2023,19811.34961,45237.05078,40486.25
12-10-2023,19794,45342,40555.5
13-10-2023,19751.05078,45290.30078,40506.14844
16-10-2023,19731.75,45421.44922,40590.64844
17-10-2023,19811.5,45586.75,40733.35156
18-10-2023,19671.09961,45120.25,40367.14844
19-10-2023,19624.69922,44974.5,40332.60156
20-10-2023,19542.65039,44547.64844,39878.75
23-10-2023,19281.75,43684.75,38817.35156
25-10-2023,19122.15039,43418.64844,38564.25
26-10-2023,18857.25,42994.5,38116.75
27-10-2023,19047.25,43837.5,38701.85156
30-10-2023,19140.90039,43906.60156,38735.19922
31-10-2023,19079.59961,44019.10156,38876.94922
01-11-2023,18989.15039,43783.14844,38775.10156
02-11-2023,19133.25,44451.10156,39312.44922
03-11-2023,19230.59961,44885,39587.39844
06-11-2023,19411.75,45227.44922,39937.10156
07-11-2023,19406.69922,45593.30078,40049.80078
08-11-2023,19443.5,45894.89844,40446.85156
09-11-2023,19395.30078,45660.39844,40537.64844
10-11-2023,19425.34961,45724.19922,40733.05078
13-11-2023,19443.55078,45986.69922,41009.69922
15-11-2023,19675.44922,46425.55078,41404.85156
16-11-2023,19765.19922,46591.55078,41726.30078
17-11-2023,19731.80078,46838.25,41811.25
20-11-2023,19694,46716.89844,41856.44922
21-11-2023,19783.40039,46718.25,41883.5
22-11-2023,19811.84961,46541.14844,42027.10156
23-11-2023,19802,46675.55078,42027.30078
24-11-2023,19794.69922,46607.75,42050.44922
28-11-2023,19889.69922,47161.94922,42278
29-11-2023,20096.59961,47487.5,42618.69922
30-11-2023,20133.15039,48020.39844,42908.89844
01-12-2023,20267.90039,48486.39844,43382.39844
04-12-2023,20686.80078,49424.80078,43918.60156
05-12-2023,20855.09961,49937.35156,44122.89844
06-12-2023,20937.69922,50517.35156,44232.44922
07-12-2023,20901.15039,50920.60156,44495
08-12-2023,20969.40039,50608.75,44400.19922
11-12-2023,20997.09961,51139.64844,44729.14844
12-12-2023,20906.40039,50813.19922,44555.75
13-12-2023,20926.34961,51273.5,44947.30078
14-12-2023,21182.69922,51925.44922,45534.30078
15-12-2023,21456.65039,51957.35156,45586.55078
18-12-2023,21418.65039,52301,45685.14844
19-12-2023,21453.09961,52387.19922,45512.44922
20-12-2023,21150.15039,50844.60156,44024.94922
21-12-2023,21255.05078,51520.64844,44767.69922
22-12-2023,21349.40039,51944,45094.80078
26-12-2023,21441.34961,52434.85156,45388.10156
27-12-2023,21654.75,52680.19922,45558.94922
28-12-2023,21778.69922,52964.10156,45815.25
29-12-2023,21731.40039,53344.80078,46181.64844
02-01-2024,21665.80078,53277.5,46389.64844
03-01-2024,21517.34961,53680.35156,46529.05078
04-01-2024,21658.59961,54359.94922,47309.69922
05-01-2024,21710.80078,54295.25,47396.30078
08-01-2024,21513,53728.89844,46894.35156
09-01-2024,21544.84961,53960.64844,46969.94922
10-01-2024,21618.69922,54077.64844,47107.14844
11-01-2024,21647.19922,54595.60156,47337.30078
12-01-2024,21894.55078,54742.89844,47512.60156
15-01-2024,22097.44922,54936.64844,47837.94922
16-01-2024,22032.30078,54816.89844,47667.39844
17-01-2024,21571.94922,54206.25,47151.55078
18-01-2024,21462.25,53948.39844,47099.85156
19-01-2024,21622.40039,54709,47815.94922
23-01-2024,21238.80078,53294.69922,46569.60156
24-01-2024,21453.94922,54208.30078,47423.39844
25-01-2024,21352.59961,54291.75,47208.64844
29-01-2024,21737.59961,55012.60156,47979.05078
30-01-2024,21522.09961,54826.19922,47791.94922
31-01-2024,21725.69922,55299.25,48568.60156
01-02-2024,21697.44922,55508.85156,48298
02-02-2024,21853.80078,55940.30078,48477
05-02-2024,21771.69922,55669.85156,48410.19922
06-02-2024,21929.40039,56465.44922,48984.64844
07-02-2024,21930.5,57386.60156,49352.05078
08-02-2024,21717.94922,57660.69922,49327.80078
09-02-2024,21782.5,57432.89844,48889.05078
12-02-2024,21616.05078,56323.69922,47675.80078
13-02-2024,21743.25,56893.05078,47835.64844
14-02-2024,21840.05078,57672.39844,48331.89844
15-02-2024,21910.75,58185.89844,48821.89844
16-02-2024,22040.69922,58586.14844,49131.94922
20-02-2024,22196.94922,58706.39844,49248.44922
21-02-2024,22055.05078,58386.5,48630.5
22-02-2024,22217.44922,58999,49128.35156
23-02-2024,22212.69922,59153.75,49279.55078
26-02-2024,22122.05078,59198.55078,49102.30078
27-02-2024,22198.34961,59150.64844,49041.19922
28-02-2024,21951.15039,58387.30078,48089.10156
29-02-2024,21982.80078,58991.35156,48335.69922
01-03-2024,22338.75,59506.75,48790.60156
04-03-2024,22405.59961,59944.19922,49248.89844
05-03-2024,22356.30078,59981.35156,49114.89844
06-03-2024,22474.05078,59806.10156,48857.30078
07-03-2024,22493.55078,60323.89844,48966.14844
11-03-2024,22332.65039,60311.14844,48774.64844
12-03-2024,22335.69922,59377.19922,48086.85156
13-03-2024,21997.69922,57149.55078,45971.39844
14-03-2024,22146.65039,58520.19922,46901.19922
15-03-2024,22023.34961,58058.80078,46685.60156
18-03-2024,22055.69922,58422,46501.64844
19-03-2024,21817.44922,57402.69922,45926.30078
20-03-2024,21839.09961,57581.44922,45919.89844
21-03-2024,22011.94922,58918.30078,47033.55078
22-03-2024,22096.75,59188.89844,47312.85156
26-03-2024,22004.69922,59801.5,47807.64844
27-03-2024,22123.65039,59911.69922,47837.35156
28-03-2024,22326.90039,60624.30078,48075.75
01-04-2024,22462,61634.60156,48912.05078
02-04-2024,22453.30078,62254.10156,49479.30078
03-04-2024,22434.65039,62423.75,49736.69922
04-04-2024,22514.65039,62158.94922,49743.80078
05-04-2024,22513.69922,62696.10156,50022.85156
08-04-2024,22666.30078,62993.60156,50041.39844
09-04-2024,22642.75,62794.05078,49894.69922
10-04-2024,22753.80078,63325.44922,50380.39844
12-04-2024,22519.40039,63067.85156,50067.55078
15-04-2024,22272.5,62008.14844,49281
16-04-2024,22147.90039,62057.5,49236.64844
18-04-2024,21995.84961,61989.19922,48995.69922
19-04-2024,22147,61887.89844,48696.94922
22-04-2024,22336.40039,62683.64844,49096.39844
23-04-2024,22368,62798.55078,49614.85156
24-04-2024,22402.40039,63277.39844,49991.89844
25-04-2024,22570.34961,63704.44922,50228.5
26-04-2024,22419.94922,64134.55078,50624.10156
29-04-2024,22643.40039,64488.05078,50834.44922
30-04-2024,22604.84961,64900.5,50868.19922
02-05-2024,22648.19922,66008.85156,51115.10156
03-05-2024,22475.84961,65770.5,50935.14844
06-05-2024,22442.69922,64937.39844,50662.19922
07-05-2024,22302.5,63937.35156,49674.44922
08-05-2024,22302.5,64784.25,50036.30078
09-05-2024,21957.5,63411.10156,49109.14844
10-05-2024,22055.19922,63934.19922,49532.30078
13-05-2024,22104.05078,64354.39844,49735.39844
14-05-2024,22217.84961,65304.80078,50225.19922
15-05-2024,22200.55078,65643.70313,50707.75
16-05-2024,22403.84961,66320.20313,51153.30078
17-05-2024,22466.09961,67105.04688,51604.89844
21-05-2024,22529.05078,68241.75,52068.30078
22-05-2024,22597.80078,68328.25,52167.5
23-05-2024,22967.65039,68819.79688,52418.55078
24-05-2024,22957.09961,69033.25,52424.44922
27-05-2024,22932.44922,69136.29688,52761.75
28-05-2024,22888.15039,68545.60156,52294.80078
29-05-2024,22704.69922,68070.5,52125.75
30-05-2024,22488.65039,67358.20313,51426.85156
31-05-2024,22530.69922,67527.64844,51705.69922
03-06-2024,23263.90039,70620.25,53353.35156
04-06-2024,21884.5,64022.14844,49150.80078
05-06-2024,22620.34961,66835.39844,51266.69922
06-06-2024,22821.40039,68224.45313,52413.69922
07-06-2024,23290.15039,69222.25,53194.69922
10-06-2024,23259.19922,69744.60156,53235.75
11-06-2024,23264.84961,69678.70313,53666.5
12-06-2024,23322.94922,70202.14844,54226.10156
13-06-2024,23398.90039,70842.54688,54652.25
14-06-2024,23465.59961,71892.14844,55225.94922
18-06-2024,23557.90039,72345.70313,55490.05078
19-06-2024,23516,71536.70313,54951.69922
20-06-2024,23567,71632.20313,55473.80078
21-06-2024,23501.09961,71111.79688,55429.14844
24-06-2024,23537.84961,71642.25,55577.05078
25-06-2024,23721.30078,71360.85156,55368.55078
26-06-2024,23868.80078,71235.79688,55245.80078
27-06-2024,24044.5,71340.64844,55424.25
28-06-2024,24010.59961,71523.45313,55736.89844
01-07-2024,24141.94922,72197.25,56292.5
02-07-2024,24123.84961,71807.5,55854.69922
03-07-2024,24286.5,72584.95313,56293.30078
04-07-2024,24302.15039,72928.25,56618.60156
05-07-2024,24323.84961,73426.54688,57089.44922
08-07-2024,24320.55078,73508.79688,56888.19922
09-07-2024,24433.19922,73863.60156,57077.55078
10-07-2024,24324.44922,73897.5,56921.14844
11-07-2024,24315.94922,74059.20313,57148.25
12-07-2024,24502.15039,73732.10156,57173.80078
15-07-2024,24586.69922,74367.35156,57664.44922
16-07-2024,24613,73921.70313,57664
18-07-2024,24800.84961,73112.5,57111.10156
19-07-2024,24530.90039,71353,55908.30078
22-07-2024,24509.25,72265.95313,56624.64844
23-07-2024,24479.05078,71632.20313,56285.25
24-07-2024,24413.5,71844.64844,56872.75
25-07-2024,24406.09961,72210.25,56741.75
26-07-2024,24834.84961,73400.64844,57768.10156
29-07-2024,24836.09961,74288.29688,58362.05078
30-07-2024,24857.30078,74215.85156,58623.39844
31-07-2024,24951.15039,74788.10156,58990.89844
01-08-2024,25010.90039,74294.64844,58490.39844
02-08-2024,24717.69922,73328.14844,57913.64844
05-08-2024,24055.59961,70936.89844,55857.25
06-08-2024,23992.55078,70282.45313,55515.55078
07-08-2024,24297.5,72401.25,56873.80078
08-08-2024,24117,71825.89844,56681.19922
09-08-2024,24367.5,72718.85156,57174.39844
12-08-2024,24347,72434.25,57330.60156
13-08-2024,24139,71609.79688,56881.5
14-08-2024,24143.75,71642.39844,56547.05078
16-08-2024,24541.15039,72943.20313,57656
19-08-2024,24572.65039,73370.75,57760.89844
20-08-2024,24698.84961,73971.29688,58247.85156
21-08-2024,24770.19922,74178.5,58444.05078
22-08-2024,24811.5,74660.35156,58844.85156
23-08-2024,24823.15039,74403.60156,58555.30078
26-08-2024,25010.59961,74768.79688,58931.14844
27-08-2024,25017.75,74848.95313,59220.25
28-08-2024,25052.34961,75082.54688,59146.39844
29-08-2024,25151.94922,74896.39844,58883.94922
30-08-2024,25235.90039,75279.79688,59286.64844
02-09-2024,25278.69922,75335.79688,59152.64844
03-09-2024,25279.84961,75413.64844,59297.85156
04-09-2024,25198.69922,75450.54688,59223.69922
05-09-2024,25145.09961,75485.95313,59448.5
06-09-2024,24852.15039,74462,58501.94922
09-09-2024,24936.40039,74572.89844,58347.39844
10-09-2024,25041.09961,74737.60156,59039.05078
11-09-2024,24918.44922,74355.25,58938.05078
12-09-2024,25388.90039,75446.35156,59640.30078
13-09-2024,25356.5,75427.54688,60034.05078
16-09-2024,25383.75,75464.29688,60259.75
17-09-2024,25418.55078,75260.20313,60180.75
18-09-2024,25377.55078,74936.14844,59752.85156
19-09-2024,25415.80078,74419.54688,59351.89844
20-09-2024,25790.94922,75481.85156,60208.80078
23-09-2024,25939.05078,76707.5,60712.39844
24-09-2024,25940.40039,76803.79688,60850.80078
25-09-2024,26004.15039,76517.39844,60465.14844
26-09-2024,26216.05078,77086.95313,60469.14844
27-09-2024,26178.94922,77813.25,60381.14844
30-09-2024,25810.84961,77095.14844,60153.80078
01-10-2024,25796.90039,77284.45313,60358.30078
03-10-2024,25250.09961,75448.29688,59024.69922
04-10-2024,25014.59961,74620.25,58474.44922
07-10-2024,24795.75,72884.29688,57300.19922
08-10-2024,25013.15039,74597.29688,58535.89844
09-10-2024,24981.94922,75407.79688,59102.64844
10-10-2024,24998.44922,75278.10156,58935.85156
11-10-2024,24964.25,75378.45313,59212.69922
14-10-2024,25127.94922,75651.70313,59465.44922
15-10-2024,25057.34961,75859.85156,59593.25
16-10-2024,24971.30078,75698.14844,59451.85156
17-10-2024,24749.84961,74007.20313,58465.94922
18-10-2024,24854.05078,74288.10156,58649.14844
21-10-2024,24781.09961,73285.35156,57677.69922
22-10-2024,24472.09961,71158.64844,56174.05078
23-10-2024,24435.5,70884.70313,56533.55078
24-10-2024,24399.40039,70826.25,56349.75
25-10-2024,24180.80078,69716.5,55277.94922
28-10-2024,24339.15039,70030.54688,55736.60156
29-10-2024,24466.84961,70538.35156,56251.30078
30-10-2024,24340.84961,70268.35156,56339.25
31-10-2024,24205.34961,69911.75,56112.85156
01-11-2024,24304.34961,70400.75,56496.05078
04-11-2024,23995.34961,69418.25,55784.55078
05-11-2024,24213.30078,69797.45313,56115.44922
06-11-2024,24484.05078,71389.79688,57355.80078
07-11-2024,24199.34961,70639.89844,57109.14844
08-11-2024,24148.19922,69774.20313,56352
11-11-2024,24141.30078,69973.75,55853.75
12-11-2024,23883.44922,68448.89844,55257.5
13-11-2024,23559.05078,67101.45313,53800.85156
12-05-2025,24924.69922,65078.55078,55416.05078
26-12-2024,23750.19922,69165.85156,57125.69922
14-07-2025,25082.30078,68285.64844,59052.55078
10-01-2025,23431.5,64257.10156,54585.75
16-07-2025,25212.05078,68870.54688,59620.64844
06-02-2025,23603.34961,63536.69922,53500.85156
22-08-2025,24870.09961,67540.10156,57629.75
07-02-2025,23559.94922,63552.19922,53609.14844
16-06-2025,24946.5,67472.14844,58768.5
12-08-2025,24487.40039,66223.89844,56324.85156
28-04-2025,24328.5,65043.44922,54440.25
02-05-2025,24346.69922,64429.75,53705.10156
03-07-2025,25405.30078,68355.85156,59683.25
25-11-2024,24221.90039,69342.70313,55900.55078
22-05-2025,24609.69922,66716.89844,56324.85156
03-04-2025,23250.09961,63104.30078,52162.14844
29-11-2024,24131.09961,70726.85156,56392.64844
12-06-2025,24888.19922,67536.5,58440.85156
18-08-2025,24876.94922,67399.60156,57113.14844
11-03-2025,22497.90039,59274.10156,48762.75
28-11-2024,23914.15039,70254.25,56300.75
03-03-2025,22119.30078,57646.80078,47984.14844
19-06-2025,24793.25,65848.14844,57159.94922
09-07-2025,25476.09961,68678.14844,59339.60156
27-01-2025,22829.15039,60730.89844,51795.89844
16-04-2025,23437.19922,63798.55078,52345.55078
10-07-2025,25355.25,68523.45313,59159.94922
06-08-2025,24574.19922,66181.35156,56749.75
22-04-2025,24167.25,65548.39844,54397.14844
11-02-2025,23071.80078,60827.80078,50887.94922
06-03-2025,22544.69922,60114.35156,49348.10156
24-06-2025,25044.34961,67349.35156,58622.39844
16-05-2025,25019.80078,67078.95313,57060.5
21-05-2025,24813.44922,66939.10156,56619.60156
13-05-2025,24578.34961,65065.80078,55520.69922
19-05-2025,24945.44922,67405.79688,57105.44922
01-07-2025,25541.80078,68930.20313,59750.05078
05-06-2025,24750.90039,67147.10156,58303
26-06-2025,25549,68295.14844,59227.39844
03-01-2025,24004.75,69192.45313,57931.05078
09-04-2025,22399.15039,60664.60156,49582.05078
21-04-2025,24125.55078,65406.19922,53974.44922
17-07-2025,25111.44922,68711.45313,59519.10156
21-03-2025,23350.40039,62855.85156,51850.75
23-04-2025,24328.94922,65999.64844,55041.10156
08-05-2025,24273.80078,62760.25,53229.30078
06-06-2025,25003.05078,67992.85156,59010.30078
05-12-2024,24708.40039,72487.04688,58441.55078
10-02-2025,23381.59961,62390.30078,52471.05078
07-03-2025,22552.5,59852.55078,49190.60156
18-11-2024,23453.80078,67472,54044.80078
25-07-2025,24837,67146.64844,58009.44922
13-01-2025,23085.94922,61481.55078,52390.39844
13-12-2024,24768.30078,72965.95313,58991.55078
18-12-2024,24198.84961,71250,58723.25
18-03-2025,22834.30078,60971.39844,49516.89844
24-07-2025,25062.09961,68207.29688,58960.69922
24-03-2025,23658.34961,63638.39844,52524.05078
10-06-2025,25104.25,68922.54688,59681.39844
18-02-2025,22945.30078,59449.39844,49751.44922
30-05-2025,24750.69922,66761.29688,57420
19-11-2024,23518.5,67775.5,54548.25
21-11-2024,23349.90039,66765.45313,54385.35156
07-01-2025,23707.90039,66938.89844,56869.30078
17-06-2025,24853.40039,66996.45313,58379.30078
17-03-2025,22508.75,59406.60156,48461.80078
25-04-2025,24039.34961,64314.89844,53570.19922
20-01-2025,23344.75,65106.14844,55106.19922
23-01-2025,23205.34961,63499.75,54098.85156
09-01-2025,23526.5,65557.20313,55745.89844
26-05-2025,25001.15039,67372.29688,57067.25
11-06-2025,25141.40039,68771.85156,59388.14844
02-07-2025,25453.40039,68729.79688,59667.25
28-07-2025,24680.90039,66768.89844,57519.35156
23-12-2024,23753.44922,68888.95313,57092.89844
04-02-2025,23739.25,63598.35156,53813.80078
02-06-2025,24716.59961,67039.79688,57775.55078
17-12-2024,24336,72188,59101.89844
03-06-2025,24542.5,66671.79688,57517.10156
09-12-2024,24619,72708.10156,58998.75
12-03-2025,22470.5,59277.55078,48486.60156
05-08-2025,24649.55078,66762.04688,57206.85156
12-02-2025,23045.25,60826.5,50756.39844
24-02-2025,22553.34961,59752.60156,50013.10156
27-06-2025,25637.80078,68712.39844,59385.14844
27-02-2025,22545.05078,58767.19922,49136.75
22-11-2024,23907.25,68016.85156,55016.85156
27-11-2024,24274.90039,70185.39844,56272.35156
03-02-2025,23361.05078,62634.19922,52988.80078
30-04-2025,24334.19922,64508.85156,54124.89844
07-04-2025,22161.59961,59546.19922,48809.44922
18-06-2025,24812.05078,66788.70313,58109.19922
11-08-2025,24585.05078,66283.95313,56479
30-06-2025,25517.05078,68998.20313,59741.19922
18-07-2025,24968.40039,68225.14844,59104.5
08-08-2025,24363.30078,65514.69922,56002.19922
14-01-2025,23176.05078,63084.10156,53676.5
28-05-2025,24752.44922,66996.20313,57141.39844
23-07-2025,25219.90039,68363,59307.10156
20-08-2025,25050.55078,68164.29688,57930.5
04-06-2025,24620.19922,66866.60156,57924.64844
19-12-2024,23951.69922,70625.70313,58556.25
26-03-2025,23486.84961,62460.80078,51646.14844
19-02-2025,22932.90039,60156.39844,50527.25
02-12-2024,24276.05078,71164.35156,57000.85156
19-03-2025,22907.59961,61953.44922,50817.10156
09-06-2025,25103.19922,68843.5,59674.94922
27-03-2025,23591.94922,63442.55078,51839.39844
09-05-2025,24008,62527,53223.35156
19-08-2025,24980.65039,67907.45313,57664.64844
25-02-2025,22547.55078,59312.5,49702.14844
07-07-2025,25461.30078,68725.79688,59515.75
22-01-2025,23155.34961,62865.60156,53113.5
23-05-2025,24853.15039,67095.89844,56687.75
21-02-2025,22795.90039,60466.80078,50486.19922
29-07-2025,24821.09961,67379.20313,57984.85156
16-12-2024,24668.25,73155.60156,59443.05078
06-01-2025,23616.05078,66996.79688,56366.94922
23-06-2025,24971.90039,66780.5,58206.80078
27-12-2024,23813.40039,68557.14844,56979.80078
13-03-2025,22397.19922,58976.10156,48125.10156
20-03-2025,23190.65039,62309.35156,51144.39844
25-06-2025,25244.75,67669.39844,58881.69922
21-07-2025,25090.69922,68503.14844,59468.35156
21-08-2025,25083.75,67972.64844,57708.94922
20-06-2025,25112.40039,66733.04688,57995.5
11-07-2025,25149.84961,67965.54688,58642.19922
31-07-2025,24768.34961,67096.14844,57400.55078
03-12-2024,24457.15039,71890.75,57509
06-12-2024,24677.80078,73040.39844,58704.60156
01-04-2025,23165.69922,62372.10156,51229.60156
24-04-2025,24246.69922,65900.79688,54969.85156
04-07-2025,25461,68607.79688,59677.75
24-01-2025,23092.19922,62494,53262.94922
08-04-2025,22535.84961,60807.55078,49838
17-04-2025,23851.65039,64255.55078,52657.80078
26-11-2024,24194.5,69522.25,55914.39844
14-02-2025,22929.25,59557.94922,49654.14844
17-02-2025,22959.5,59446.55078,49849.85156
31-12-2024,23644.80078,67988.35156,57199.44922
20-02-2025,22913.15039,61039.10156,51163.80078
15-05-2025,25062.09961,66226.54688,56530.85156
25-03-2025,23668.65039,62703.75,51969.75
08-07-2025,25522.5,68719.04688,59415.44922
15-07-2025,25195.80078,68727.54688,59612.64844
28-03-2025,23519.34961,63043.19922,51672.25
14-11-2024,23532.69922,67408.64844,54043.10156
01-08-2025,24565.34961,66192.79688,56637.14844
06-05-2025,24379.59961,63824.89844,53435.85156
04-03-2025,22082.65039,57966.85156,48007.85156
07-05-2025,24414.40039,64134.39844,54287.75
13-08-2025,24619.34961,66622.25,56681.5
12-12-2024,24548.69922,73082.60156,59021.69922
21-01-2025,23024.65039,63406.14844,53834.94922
15-01-2025,23213.19922,63639.55078,53899
02-01-2025,24188.65039,69103.60156,58108.19922
11-04-2025,22828.55078,61473.55078,50501.5
10-03-2025,22460.30078,58972,48440.10156
28-02-2025,22124.69922,57063.05078,47915.19922
24-12-2024,23727.65039,68857.25,57057.89844
29-05-2025,24833.59961,67093.79688,57457.25
04-04-2025,22904.44922,61468.69922,50645.94922
30-12-2024,23644.90039,68063.79688,57189.75
20-05-2025,24683.90039,66165.5,56182.64844
22-07-2025,25060.90039,68253.89844,59103.39844
29-04-2025,24335.94922,64892.35156,54587.94922
31-01-2025,23508.40039,63127.35156,53712.19922
14-08-2025,24631.30078,66511.60156,56504.25
29-01-2025,23163.09961,62142.14844,52718.85156
15-04-2025,23328.55078,63374.30078,51974.44922
30-07-2025,24855.05078,67435.14844,57942.25
20-12-2024,23587.5,68702.64844,56906.75
30-01-2025,23249.5,62193.14844,52714.25
07-08-2025,24596.15039,66338.10156,56938.30078
10-12-2024,24610.05078,73096.45313,59135.39844
14-05-2025,24666.90039,65540.75,56136.39844
08-01-2025,23688.94922,66402.60156,56270.60156
05-02-2025,23696.30078,64012.80078,54180.85156
27-05-2025,24826.19922,67190.75,57154.5
04-12-2024,24467.44922,72244.85156,58112.39844
11-12-2024,24641.80078,73292.14844,59292.94922
04-08-2025,24722.75,66917.5,57432.35156
17-01-2025,23203.19922,65053.60156,54607.64844
28-01-2025,22957.25,60912.10156,51529.44922
02-04-2025,23332.34961,63087.10156,52053.19922
05-05-2025,24461.15039,65406.85156,54675.75
13-02-2025,23031.40039,60947.75,50881.19922
05-03-2025,22337.30078,59441.64844,49168.35156
13-06-2025,24718.59961,66979.04688,58227.44922
16-01-2025,23311.80078,64564.5,54483.80078
