date,Nifty50,NiftyNext50,NiftyMidcap100
03-01-2017,9.81,0.97,1.02
04-01-2017,9.84,1.11,0.53
05-01-2017,8.73,0,0
06-01-2017,9.13,0.23,0.15
09-01-2017,9.23,0.18,0.02
10-01-2017,8.54,0,0
11-01-2017,7.35,0,0
12-01-2017,7.01,0,0
13-01-2017,7.09,0,0.09
16-01-2017,6.94,0,0
17-01-2017,7.12,0.05,0
18-01-2017,6.88,0,0
19-01-2017,6.65,0,0
20-01-2017,7.75,1.49,1.67
23-01-2017,7.21,0.62,1.19
24-01-2017,6.14,0,0.2
25-01-2017,4.57,0,0
27-01-2017,4.11,0,0
30-01-2017,4.21,0,0.02
31-01-2017,5.08,1.6,1.48
01-02-2017,3.21,0,0
02-02-2017,3,0,0
03-02-2017,2.92,0,0
06-02-2017,2.22,0,0
07-02-2017,2.6,0.31,0.45
08-02-2017,2.59,0,0
09-02-2017,2.48,0,0
10-02-2017,2.31,0.23,0.11
13-02-2017,2.17,0.22,0.71
14-02-2017,2.32,1.18,0.96
15-02-2017,3.11,2.47,2.61
16-02-2017,2.49,0.72,0.94
17-02-2017,1.98,0.03,0.48
20-02-2017,1.32,0,0
21-02-2017,0.99,0,0
22-02-2017,0.78,0.62,0.61
23-02-2017,0.63,0.97,0.58
27-02-2017,1.12,1.09,0.46
28-02-2017,1.31,0.78,0
01-03-2017,0.56,0.64,0
02-03-2017,1.08,2.12,1.54
03-03-2017,1.11,2.17,1.07
06-03-2017,0.37,1.59,0.45
07-03-2017,0.55,1.69,0.42
08-03-2017,0.81,2.03,1.08
09-03-2017,0.78,2.18,1.26
10-03-2017,0.69,2.38,1.52
14-03-2017,0,0.77,0.08
15-03-2017,0.02,0.13,0
16-03-2017,0,0,0
17-03-2017,0,0.04,0
20-03-2017,0.36,0.03,0
21-03-2017,0.42,0.58,0.21
22-03-2017,1.44,1.53,1.44
23-03-2017,0.81,0.52,0.41
24-03-2017,0.57,0.48,0.15
27-03-2017,1.27,0.9,0.2
28-03-2017,0.65,0.13,0
29-03-2017,0.18,0.06,0
30-03-2017,0,0,0
31-03-2017,0,0,0
03-04-2017,0,0,0
05-04-2017,0,0,0
06-04-2017,0.03,0,0
07-04-2017,0.73,0.03,0.41
10-04-2017,0.91,0,0
11-04-2017,0.3,0,0
12-04-2017,0.67,0,0.6
13-04-2017,1.25,0.17,0.85
17-04-2017,1.38,0.4,0.4
18-04-2017,1.76,1.47,1.08
19-04-2017,1.78,0.86,0.36
20-04-2017,1.41,0.5,0
21-04-2017,1.6,0.27,0
24-04-2017,0.51,0,0
25-04-2017,0,0,0
26-04-2017,0,0.2,0.22
27-04-2017,0.1,0.69,0.31
28-04-2017,0.51,0.52,0
02-05-2017,0.41,0.01,0
03-05-2017,0.43,0.08,0.34
04-05-2017,0,0,0
05-05-2017,0.8,1.42,1
08-05-2017,0.49,0.99,0.36
09-05-2017,0.46,0.19,0
10-05-2017,0,0,0
11-05-2017,0,0,0
12-05-2017,0.23,0.47,0.66
15-05-2017,0,0,0
16-05-2017,0,0.03,0
17-05-2017,0,0.56,0.26
18-05-2017,1.02,2.66,2.6
19-05-2017,1.04,3.26,3.22
22-05-2017,0.93,4.13,4.39
23-05-2017,1.49,5.54,6.16
24-05-2017,1.76,7.16,8.05
25-05-2017,0.17,6.07,6.65
26-05-2017,0,3.72,5.18
29-05-2017,0,4.75,7.39
30-05-2017,0,3.98,6.24
31-05-2017,0.03,3.54,5.64
01-06-2017,0.09,3.27,5
02-06-2017,0,2.64,4.1
05-06-2017,0,1.86,3.76
06-06-2017,0.39,2.61,4.31
07-06-2017,0.12,1.99,3.6
08-06-2017,0.29,1.67,3.32
09-06-2017,0.07,1.29,2.8
12-06-2017,0.61,1.47,3.46
13-06-2017,0.71,1.37,3.45
14-06-2017,0.59,1.67,3.16
15-06-2017,1.01,1.79,2.86
16-06-2017,0.91,1.5,2.75
19-06-2017,0.18,1.13,2.79
20-06-2017,0.22,0.99,2.68
21-06-2017,0.43,0.98,2.51
22-06-2017,0.47,1.71,3.3
23-06-2017,1.05,3.02,4.59
27-06-2017,1.72,3.78,5.97
28-06-2017,1.94,3.49,5.57
29-06-2017,1.8,3.43,5.1
30-06-2017,1.62,2.65,4.33
03-07-2017,0.63,1.36,3.32
04-07-2017,0.64,1.51,3.53
05-07-2017,0.39,0.72,2.52
06-07-2017,0.01,0.3,2.31
07-07-2017,0.1,0.29,2.18
10-07-2017,0,0,1.31
11-07-2017,0,0.66,2.21
12-07-2017,0,0,1.51
13-07-2017,0,0,1.21
14-07-2017,0.05,0,1.2
17-07-2017,0,0,1.02
18-07-2017,0.9,0.64,1.55
19-07-2017,0.17,0,0.84
20-07-2017,0.43,0.39,1.13
21-07-2017,0.01,0.14,1.29
24-07-2017,0,0.03,1.06
25-07-2017,0.02,0,0.66
26-07-2017,0,0,0.37
27-07-2017,0,0.55,0.66
28-07-2017,0.06,0,0.16
31-07-2017,0,0,0
01-08-2017,0,0.18,0.01
02-08-2017,0.33,0.7,0
03-08-2017,1.01,0.49,1.09
04-08-2017,0.48,0,0.83
07-08-2017,0.57,0,0
08-08-2017,1.36,1.26,1.23
09-08-2017,2.09,3.06,2.94
10-08-2017,3,5.96,6.34
11-08-2017,4.16,6.05,6.97
14-08-2017,3.27,3.77,4.01
16-08-2017,2.2,2.76,2.66
17-08-2017,2.13,2.82,2.45
18-08-2017,2.82,3.05,2.91
21-08-2017,3.69,4.71,4.44
22-08-2017,3.57,5.26,5.24
23-08-2017,2.66,3.86,4
24-08-2017,2.61,2.96,3.38
28-08-2017,2.04,1.97,2.26
29-08-2017,3.25,3.08,3.42
30-08-2017,2.33,1.54,1.97
31-08-2017,1.98,1.59,1.6
01-09-2017,1.41,0.57,0.35
05-09-2017,1.63,0.57,0.07
06-09-2017,2,0.43,0.04
07-09-2017,1.86,0,0
08-09-2017,1.81,0.73,0.24
11-09-2017,1.09,0,0
12-09-2017,0.21,0,0
13-09-2017,0.35,0.35,0.58
14-09-2017,0.28,0,0
15-09-2017,0.29,0.25,0
18-09-2017,0,0,0
19-09-2017,0.05,0,0
20-09-2017,0.12,0.28,0.23
21-09-2017,0.31,0.95,0.86
22-09-2017,1.89,3.65,3.83
25-09-2017,2.84,5.02,5.22
26-09-2017,2.85,4.77,4.59
27-09-2017,4.29,6.76,7.05
28-09-2017,3.93,6.43,6.45
29-09-2017,3.72,5.11,5.47
03-10-2017,2.98,4.13,4.93
04-10-2017,2.4,3.94,4.58
05-10-2017,2.67,3.63,4
06-10-2017,1.74,2.81,3.08
09-10-2017,1.65,2.65,3.1
10-10-2017,1.36,2.03,2.25
11-10-2017,1.69,2.67,3.34
12-10-2017,0.56,1.54,2.22
13-10-2017,0,1.37,2
16-10-2017,0,1.12,1.7
17-10-2017,0,0.64,1.11
18-10-2017,0.23,0.79,1.22
19-10-2017,0.87,1.32,1.64
23-10-2017,0.49,0.82,1.34
24-10-2017,0.26,1.01,1
25-10-2017,0,0,0
26-10-2017,0,0,0
27-10-2017,0.2,0,0
30-10-2017,0,0,0
31-10-2017,0.27,0.1,0
01-11-2017,0,0,0
02-11-2017,0.16,0,0
03-11-2017,0,0,0
06-11-2017,0.01,0,0
07-11-2017,0.99,1.55,1.64
08-11-2017,1.45,2.35,2.29
09-11-2017,1.39,1.68,1.09
10-11-2017,1.27,1.98,1.18
13-11-2017,2.23,2.7,1.66
14-11-2017,2.61,3.03,1.88
15-11-2017,3.31,4.23,3
16-11-2017,2.33,3.04,1.89
17-11-2017,1.64,1.64,0.84
20-11-2017,1.49,1.54,0.05
21-11-2017,1.22,1.37,0
22-11-2017,1.07,1.51,0.02
24-11-2017,0.6,1.11,0
27-11-2017,0.51,0.83,0
28-11-2017,0.79,0.67,0
29-11-2017,0.88,0.71,0.32
30-11-2017,2.21,1.59,1.02
01-12-2017,3.27,2.62,2.07
04-12-2017,3.21,2.55,1.76
05-12-2017,3.3,2.48,1.73
06-12-2017,4.07,3.5,2.79
07-12-2017,2.81,1.79,1.35
08-12-2017,1.82,0.8,0.42
11-12-2017,1.26,0.52,0
12-12-2017,2.07,1.53,0.87
13-12-2017,2.55,2.53,1.85
14-12-2017,1.95,2.49,1.82
15-12-2017,1.15,1.62,0.79
18-12-2017,0.61,0.67,0
19-12-2017,0,0,0
20-12-2017,0.18,0,0
21-12-2017,0.22,0,0
22-12-2017,0,0,0
26-12-2017,0,0,0
27-12-2017,0.39,0.49,0.12
28-12-2017,0.51,0.44,0.06
29-12-2017,0.01,0,0
02-01-2018,0.86,0.54,0.83
03-01-2018,0.85,0,0.15
04-01-2018,0.25,0,0
05-01-2018,0,0,0
08-01-2018,0,0,0
09-01-2018,0,0.43,0.12
10-01-2018,0.05,0.6,0.26
11-01-2018,0,0.71,0
12-01-2018,0,0.68,0.11
15-01-2018,0,0.89,0.1
16-01-2018,0.38,2.56,1.98
17-01-2018,0,1.82,0.94
18-01-2018,0,3.19,2.94
19-01-2018,0,2.42,1.93
22-01-2018,0,1.64,0.98
23-01-2018,0,0.92,0
24-01-2018,0,1.52,0.44
25-01-2018,0.15,2.92,1.29
29-01-2018,0,3.33,2.16
30-01-2018,0.73,3.93,2.98
31-01-2018,0.93,4.65,4.55
01-02-2018,1.03,4.57,5.2
02-02-2018,3.44,7.63,9.98
05-02-2018,4.35,7.99,10.19
06-02-2018,6.02,9.54,12.01
07-02-2018,6.24,8.75,11.56
08-02-2018,5.23,7.01,9.6
09-02-2018,6.46,7.37,9.36
12-02-2018,5.6,5.79,7.85
14-02-2018,5.99,6.01,7.84
15-02-2018,5.55,6.99,9.05
16-02-2018,6.49,8.2,10.31
19-02-2018,7.25,9.38,11.5
20-02-2018,7.43,8.88,11.52
21-02-2018,7.05,9.35,11.59
22-02-2018,7.2,10.37,12.16
23-02-2018,6.09,8.66,10.27
26-02-2018,5.18,7.67,9.45
27-02-2018,5.46,8.07,10.41
28-02-2018,6.08,8.56,10.51
01-03-2018,6.43,9.31,11.37
05-03-2018,7.45,10.48,12.44
06-03-2018,8.6,11.52,13.79
07-03-2018,9.61,12.8,15.62
08-03-2018,8.67,12.88,15.06
09-03-2018,8.84,12.83,15.76
12-03-2018,6.8,11.99,14.61
13-03-2018,6.75,10.61,13.73
14-03-2018,6.91,10.48,13.28
15-03-2018,7.43,10.43,12.84
16-03-2018,9.17,11.42,14.05
19-03-2018,10.26,13.1,15.81
20-03-2018,9.94,12.56,15.37
21-03-2018,9.6,12.08,14.94
22-03-2018,10.04,12.51,15.92
23-03-2018,11.33,13.23,17.63
26-03-2018,9.87,11.54,16.13
27-03-2018,9.29,10.69,14.62
28-03-2018,10.05,11.82,15.86
02-04-2018,9,9.64,13.79
03-04-2018,8.64,8.37,12.8
04-04-2018,9.89,9.62,14.13
05-04-2018,7.8,7.67,11.91
06-04-2018,7.73,6.43,11.34
09-04-2018,7.24,6.39,10.91
10-04-2018,7,6.53,10.7
11-04-2018,6.85,6.38,10.69
12-04-2018,6.42,6.55,11.04
13-04-2018,6.2,6.59,10.45
16-04-2018,5.72,6.03,9.57
17-04-2018,5.51,5.82,9.42
18-04-2018,5.74,5.91,9.53
19-04-2018,5.35,5.14,8.8
20-04-2018,5.36,5.58,9.17
23-04-2018,5.16,5.03,8.62
24-04-2018,4.86,4.84,8.69
25-04-2018,5.3,5.02,9.13
26-04-2018,4.83,5.25,8.73
27-04-2018,4.1,4.61,8.01
30-04-2018,3.64,4.03,7.1
02-05-2018,3.85,5.39,8.73
03-05-2018,4.22,6.76,9.9
04-05-2018,4.82,7.46,10.2
07-05-2018,3.87,6.62,9.38
08-05-2018,3.85,6.96,9.54
09-05-2018,3.62,7.59,10.12
10-05-2018,3.86,9,11.88
11-05-2018,3,8.98,11.4
14-05-2018,3,9.51,12.74
15-05-2018,3.04,9.87,13.8
16-05-2018,3.62,9.98,13.88
17-05-2018,4.19,10,13.46
18-05-2018,5.04,11.6,15.03
21-05-2018,5.84,13.27,17.02
22-05-2018,5.63,11.75,16.72
23-05-2018,6.71,12.35,17.43
24-05-2018,5.86,12.07,17.93
25-05-2018,4.95,10.21,15.67
28-05-2018,4.13,8.4,14.07
29-05-2018,4.67,8.46,14.47
30-05-2018,4.86,8.78,14.53
31-05-2018,3.67,9.16,14.96
01-06-2018,4.06,10.27,16.61
04-06-2018,4.72,11.26,17.93
05-06-2018,5.07,12.43,19.44
06-06-2018,4.17,10.74,17.77
07-06-2018,3.36,9.3,16
08-06-2018,3.37,8.86,15.41
11-06-2018,3.18,8.8,15.44
12-06-2018,2.65,8.02,14.47
13-06-2018,2.52,8.23,14.86
14-06-2018,2.98,8.42,14.78
15-06-2018,2.89,9.26,15.52
18-06-2018,3.06,9.82,15.92
19-06-2018,3.92,10.65,17.35
20-06-2018,3.33,10.68,16.75
21-06-2018,3.62,11.31,17.42
22-06-2018,2.85,10.72,16.86
25-06-2018,3.42,12.2,17.5
26-06-2018,3.35,11.98,17.72
27-06-2018,4.3,13.52,19.52
28-06-2018,5.11,14.94,21.78
29-06-2018,3.88,12.82,19.53
02-07-2018,4.44,13.83,20.31
03-07-2018,4.02,13.31,19.21
04-07-2018,3.35,13.54,19.04
05-07-2018,3.54,14,19.88
06-07-2018,3.32,13.4,19.26
09-07-2018,2.56,12.55,17.39
10-07-2018,1.67,11.39,16.55
11-07-2018,1.66,12.3,17.12
12-07-2018,0.97,12.52,17.64
13-07-2018,1.01,13.05,18.99
16-07-2018,1.77,15.68,22.13
17-07-2018,1.11,14.39,19.35
18-07-2018,1.37,15.69,20.61
19-07-2018,1.58,16.33,21.49
20-07-2018,1.09,15.68,20.36
23-07-2018,0.41,13.73,19.04
24-07-2018,0,10.89,17.49
25-07-2018,0.02,10.99,17.44
26-07-2018,0,9.97,16.75
27-07-2018,0,9.1,15.71
30-07-2018,0,7.97,15.58
31-07-2018,0,7.51,15.12
01-08-2018,0.09,7.17,14.95
02-08-2018,0.99,7.47,14.82
03-08-2018,0,6.74,13.7
06-08-2018,0,6.58,13.19
07-08-2018,0,6.63,13.51
08-08-2018,0,6.46,13.52
09-08-2018,0,6.07,12.97
10-08-2018,0.36,6.87,13.57
13-08-2018,1.01,8.03,14.3
14-08-2018,0.31,7.44,12.96
16-08-2018,0.75,8.21,13.06
17-08-2018,0,6.61,11.77
20-08-2018,0,5.39,10.89
21-08-2018,0,4.94,10.68
23-08-2018,0,4.34,10.88
24-08-2018,0.22,4.49,11.21
27-08-2018,0,3.61,9.9
28-08-2018,0,3.74,10.21
29-08-2018,0.4,3.03,9.61
30-08-2018,0.53,2.64,9.47
31-08-2018,0.5,2.14,9.09
03-09-2018,1.35,2.89,9.39
04-09-2018,1.89,6.13,12.44
05-09-2018,2.28,6.77,12.92
06-09-2018,1.75,6.03,12.44
07-09-2018,1.29,4.85,10.99
10-09-2018,2.63,6.72,12.94
11-09-2018,4,8.72,14.48
12-09-2018,3.24,8.21,14.1
14-09-2018,1.94,6.32,12.08
17-09-2018,3.17,7.22,12.82
18-09-2018,4.07,8.78,14.42
19-09-2018,4.49,9.25,15.49
21-09-2018,5.34,11.48,18.45
24-09-2018,7.03,14.97,21.76
25-09-2018,6.06,13.91,21.65
26-09-2018,6.19,13.57,21.27
27-09-2018,6.93,15.5,24.11
28-09-2018,7.39,16.98,26.68
01-10-2018,6.63,16.89,25.72
03-10-2018,8.11,18.4,27.19
04-10-2018,10.75,20.27,29.85
05-10-2018,13.78,23.23,33.33
08-10-2018,13.44,24.52,35.36
09-10-2018,13.95,25.18,35.79
10-10-2018,12.22,21.26,30.39
11-10-2018,14.69,23.57,33.51
12-10-2018,12.09,21.01,29.77
15-10-2018,11.66,20.5,28.57
16-10-2018,10.9,18.83,26.62
17-10-2018,12.3,21.47,29.55
19-10-2018,13.93,22.51,31.59
22-10-2018,14.58,23.07,33.26
23-10-2018,15.69,24.66,34.42
24-10-2018,14.8,24.21,32.68
25-10-2018,15.94,25.99,33.52
26-10-2018,17.03,25.82,33.68
29-10-2018,14.51,22.92,29.74
30-10-2018,15.1,22.28,28.85
31-10-2018,13.02,20.15,26.43
01-11-2018,13.08,19.42,25.34
02-11-2018,11.23,17.63,24.67
05-11-2018,11.54,17.27,25.16
06-11-2018,11.48,17.94,25.87
07-11-2018,10.76,17.14,24.91
09-11-2018,10.9,16.63,23.44
12-11-2018,11.99,18,24.61
13-11-2018,10.92,17.69,24.26
14-11-2018,10.99,17.57,24.3
15-11-2018,10.57,17.12,23.7
16-11-2018,9.89,16.67,24.13
19-11-2018,9.06,16.04,23.53
20-11-2018,10.16,17.51,24.75
21-11-2018,10.74,16.6,24.13
22-11-2018,11.51,17.41,25.28
26-11-2018,10.44,16.98,25.03
27-11-2018,9.85,17.09,24.4
28-11-2018,9.41,17.4,25.58
29-11-2018,8.1,16.54,24.94
30-11-2018,7.92,15.68,24.16
03-12-2018,7.85,15.31,23.27
04-12-2018,7.99,15.65,23.56
05-12-2018,8.86,17.29,25.39
06-12-2018,10.73,19.11,27.46
07-12-2018,9.77,18.59,27.43
10-12-2018,11.92,20.79,30.18
11-12-2018,11.27,18.91,28.04
12-12-2018,9.32,16.32,24.75
13-12-2018,8.77,15.15,23.9
14-12-2018,8.63,14.76,23.54
17-12-2018,7.81,13.86,22.97
18-12-2018,7.61,13.31,22.51
19-12-2018,7.03,11.75,20.95
20-12-2018,7.18,12.37,20.81
21-12-2018,9.15,13.93,22.75
24-12-2018,10.08,15.56,23.56
26-12-2018,9.4,15.13,23.67
27-12-2018,8.89,14.9,23.26
28-12-2018,8.09,13.74,22.14
31-12-2018,8.06,13.28,21.57
02-01-2019,8.77,14.5,22.94
03-01-2019,9.99,15.34,23.97
04-01-2019,9.43,15.15,23.22
07-01-2019,8.97,15.21,23.07
08-01-2019,8.67,15.28,23.24
09-01-2019,8.14,15.3,23.33
10-01-2019,8.47,14.83,22.84
11-01-2019,8.74,15.2,23.09
14-01-2019,9.32,16.01,23.56
15-01-2019,7.82,15.18,22.74
16-01-2019,7.79,15.12,22.88
17-01-2019,7.64,15.19,23.23
18-01-2019,7.62,16.45,24.06
21-01-2019,7.09,16.83,25.05
22-01-2019,7.47,16.36,25.19
23-01-2019,8.37,17.08,25.33
24-01-2019,8.19,17.21,25.75
25-01-2019,8.89,18.8,27.74
28-01-2019,10.1,21.04,30.48
29-01-2019,10.2,20.91,30.08
30-01-2019,10.2,20.93,29.42
31-01-2019,8.38,20.2,28.55
01-02-2019,7.76,18.98,27.91
04-02-2019,7.57,20.05,29.05
05-02-2019,7.35,20.92,30.05
06-02-2019,6.11,19.82,29.97
07-02-2019,6.04,18.41,29.01
08-02-2019,7.26,20.29,30.94
11-02-2019,7.8,21.65,33.16
12-02-2019,8.37,22.32,33.09
14-02-2019,9.24,23.03,32.74
15-02-2019,9.46,25.17,34.03
18-02-2019,10.31,26.18,35.29
19-02-2019,10.7,25.98,34.71
20-02-2019,9.34,24.31,33.33
21-02-2019,8.79,23.26,31.9
22-02-2019,8.77,22.31,31.36
25-02-2019,7.89,21.77,30.9
26-02-2019,8.34,21.83,31.08
27-02-2019,8.62,21.32,30.56
28-02-2019,8.77,20.39,29.97
01-03-2019,8.05,18.89,28.12
05-03-2019,6.84,16.72,25.16
06-03-2019,6.2,15.83,24.44
07-03-2019,6.15,16.37,24.81
08-03-2019,6.37,16.25,25.05
11-03-2019,5.11,13.64,22.43
12-03-2019,3.87,13.16,21.87
13-03-2019,3.5,13.8,22.55
14-03-2019,3.48,14.24,22.44
15-03-2019,2.73,14.38,21.66
18-03-2019,2.41,14.12,21.99
19-03-2019,1.79,13.76,21.16
20-03-2019,1.89,14.15,21.77
22-03-2019,2.46,14.98,22.49
25-03-2019,3.38,16.4,23.43
26-03-2019,2.22,15.31,22.05
27-03-2019,2.56,15.55,21.42
28-03-2019,1.46,14.52,20.18
01-04-2019,0.59,12.66,18.54
02-04-2019,0.22,13.44,18.5
03-04-2019,0.81,13.86,19.83
04-04-2019,1.21,13.92,20.07
05-04-2019,0.62,13.42,19.1
08-04-2019,1.15,13.84,20.05
09-04-2019,0.57,13.41,19.89
10-04-2019,1.33,13.77,20.23
11-04-2019,1.22,13.4,20.12
12-04-2019,0.82,12.91,19.62
15-04-2019,0.41,12.43,19.06
16-04-2019,0,11.83,19.09
18-04-2019,0.29,12.32,20.21
22-04-2019,1.66,14.38,22.36
23-04-2019,1.82,14.51,22.23
24-04-2019,0.52,13.76,21.78
25-04-2019,1.25,14.35,22.26
26-04-2019,0.28,14.32,22.58
30-04-2019,0.33,14.82,23.71
02-05-2019,0.53,15.4,24.46
03-05-2019,0.64,15.91,24.43
06-05-2019,1.63,17.34,25.36
07-05-2019,2.52,18.13,26.84
08-05-2019,3.77,19.51,28.1
09-05-2019,4.29,19.85,28.21
10-05-2019,4.51,20.18,27.61
13-05-2019,5.73,22.42,30.47
14-05-2019,5.04,22.16,29.84
15-05-2019,5.65,22.7,30.72
16-05-2019,4.71,22.75,30.34
17-05-2019,3.33,21.71,28.78
20-05-2019,0,17.87,23.74
21-05-2019,1.02,18.84,25.18
22-05-2019,0.77,18.89,25.27
23-05-2019,1.47,18.45,25.49
24-05-2019,0,15.77,22.78
27-05-2019,0,15.15,20.76
28-05-2019,0,14.72,20.77
29-05-2019,0.57,15.54,21.7
30-05-2019,0,15.45,20.75
31-05-2019,0.19,14.66,21.01
03-06-2019,0,13.42,19.85
04-06-2019,0.56,14.12,19.94
06-06-2019,2.07,16.61,21.96
07-06-2019,1.84,16.57,22.21
10-06-2019,1.39,16.26,22.15
11-06-2019,1.03,15.6,21.33
12-06-2019,1.53,16.52,22.29
13-06-2019,1.46,16.58,22.59
14-06-2019,2.24,17.82,23.73
17-06-2019,3.57,19.67,25.19
18-06-2019,3.4,19.53,25.39
19-06-2019,3.4,20.22,26.75
20-06-2019,2.17,18.23,24.7
21-06-2019,3.11,18.55,24.81
24-06-2019,3.32,18.4,25.23
25-06-2019,2.48,18.1,24.37
26-06-2019,2.03,17.15,23.17
27-06-2019,2.09,16.57,22.66
28-06-2019,2.54,16.78,23.1
01-07-2019,1.88,16.19,22.89
02-07-2019,1.5,15.81,22.43
03-07-2019,1.44,15.21,21.95
05-07-2019,2.35,16.59,23.97
08-07-2019,4.58,19.06,27.41
09-07-2019,4.61,18.43,26.95
10-07-2019,5.13,19.37,28.27
11-07-2019,4.37,18.52,27.33
12-07-2019,4.64,18.29,26.74
15-07-2019,4.32,17.8,27.77
16-07-2019,3.65,16.64,26.81
17-07-2019,3.43,16.37,27.23
18-07-2019,4.24,17.7,29.43
19-07-2019,5.86,19.75,32.27
22-07-2019,6.54,19.66,33.02
23-07-2019,6.69,20.18,33.79
24-07-2019,7.25,22.14,35.8
25-07-2019,7.43,21.36,35.26
26-07-2019,7.13,20.21,34.43
29-07-2019,8.04,21.84,35.72
30-07-2019,9.05,23.54,38.38
31-07-2019,8.73,22.43,36.5
01-08-2019,10.1,24.04,37.94
02-08-2019,9.92,23.67,38.34
05-08-2019,11.29,24.68,40.3
06-08-2019,10.42,23.49,37.51
07-08-2019,11.36,24.06,38.55
08-08-2019,9.57,22.53,37.58
09-08-2019,8.81,21.66,36.27
13-08-2019,10.64,24.51,39.29
14-08-2019,9.6,23.18,37.84
16-08-2019,9.42,22.77,37.39
19-08-2019,9.36,22.85,36.99
20-08-2019,9.73,23.8,38.17
21-08-2019,10.71,25.26,40.37
22-08-2019,12.54,26.98,43.21
23-08-2019,11.63,25.94,41.54
26-08-2019,9.32,23.65,39.33
27-08-2019,8.85,22.03,38.31
28-08-2019,9.44,22.62,39.66
29-08-2019,10.41,22.55,40.16
30-08-2019,9.66,20.88,38.84
03-09-2019,11.95,23.56,41.34
04-09-2019,11.47,23.72,40.65
05-09-2019,11.44,23.08,40.23
06-09-2019,10.44,22.51,39.24
09-09-2019,9.87,22.11,37.55
11-09-2019,9.54,21.32,36.33
12-09-2019,10.07,21.44,36.82
13-09-2019,9.14,20.63,36.1
16-09-2019,9.86,20.77,36.31
17-09-2019,11.75,22.83,39.04
18-09-2019,11.51,22.06,38.59
19-09-2019,12.93,23.14,40.85
20-09-2019,7.22,16.47,33.05
23-09-2019,4.21,14.36,29.78
24-09-2019,4.32,14.23,30.64
25-09-2019,5.67,16.14,33.17
26-09-2019,4.47,14.77,32.1
27-09-2019,5,14.74,33.56
30-09-2019,5.35,15.99,35.6
01-10-2019,6.41,17.14,38.2
03-10-2019,6.85,18.12,38.28
04-10-2019,8.18,19.63,39.54
07-10-2019,8.65,21.39,39.99
09-10-2019,6.85,19.73,38.22
10-10-2019,7.6,20.48,39.84
11-10-2019,6.93,20.01,39.67
14-10-2019,6.59,19.14,39.37
15-10-2019,5.78,18.17,39.05
16-10-2019,5.45,17.18,39.26
17-10-2019,4.33,15.54,36.79
18-10-2019,3.66,13.94,34.03
22-10-2019,4.32,13.34,33.93
23-10-2019,4.17,13.43,33.75
24-10-2019,4.37,13.81,34.19
25-10-2019,4.36,14.16,34.42
29-10-2019,2.56,12.21,31.88
30-10-2019,2.06,11.47,31.05
31-10-2019,1.78,11.13,29.21
01-11-2019,1.66,11.19,28.74
04-11-2019,1.23,11.4,28.86
05-11-2019,1.44,12.23,30.27
06-11-2019,1.02,11.86,30.27
07-11-2019,0.64,11.27,29.39
08-11-2019,1.51,12.44,30.03
11-11-2019,1.47,12.19,29.26
13-11-2019,2.1,12.8,30.14
14-11-2019,1.82,13.29,29.73
15-11-2019,1.62,13.21,29.33
18-11-2019,1.72,13.38,28.35
19-11-2019,1.24,13.71,28.08
20-11-2019,0.75,13.01,27.88
21-11-2019,1,13.46,28.88
22-11-2019,1.46,13.76,28.84
25-11-2019,0.12,12.22,27.38
26-11-2019,0.42,12.93,28.47
27-11-2019,0,12.12,27.51
28-11-2019,0,10.96,26.26
29-11-2019,0.79,11.82,26.19
02-12-2019,0.85,11.84,27.06
03-12-2019,1.31,12.66,28.45
04-12-2019,0.9,12.54,27.75
05-12-2019,1.1,13.41,27.98
06-12-2019,1.93,14.6,29.88
09-12-2019,1.79,14.99,29.92
10-12-2019,2.48,16.23,31.61
11-12-2019,2.02,15.68,30.63
12-12-2019,1.5,14.84,29.58
13-12-2019,0.53,13.69,28.34
16-12-2019,0.81,14.35,29.03
17-12-2019,0,13.87,28.29
18-12-2019,0,13.44,28.65
19-12-2019,0,13.01,28.55
20-12-2019,0,12.37,28.54
23-12-2019,0.07,12.41,28.76
24-12-2019,0.47,12.46,28.96
26-12-2019,1.2,12.87,28.87
27-12-2019,0.21,12.09,27.79
30-12-2019,0.13,12.06,27.24
31-12-2019,0.85,12.76,27.07
02-01-2020,0,11.86,24.96
03-01-2020,0.45,12.08,25.68
06-01-2020,2.41,14.43,28.56
07-01-2020,1.9,13.59,27.67
08-01-2020,2.14,13.54,27.28
09-01-2020,0.54,12.06,25.47
10-01-2020,0.21,11.78,24.99
13-01-2020,0,10.9,23.99
14-01-2020,0,10.66,23.11
15-01-2020,0.15,10.23,21.84
16-01-2020,0.06,10.15,20.83
17-01-2020,0.08,9.94,20.24
20-01-2020,1.13,11.01,20.92
21-01-2020,1.58,11.54,21.05
22-01-2020,2.11,11.63,21.2
23-01-2020,1.49,10.46,19.47
24-01-2020,0.93,9.49,18.38
27-01-2020,2.01,10.22,18.81
28-01-2020,2.54,10.49,19.19
29-01-2020,1.92,9.9,18.93
30-01-2020,2.71,11.87,19.88
31-01-2020,3.35,12.81,20.66
03-02-2020,5.59,15.93,22.72
04-02-2020,3.19,13.54,21.34
05-02-2020,2.26,11.85,19.96
06-02-2020,1.85,10.56,19.1
07-02-2020,2.18,9.89,18.32
10-02-2020,2.75,10.24,19.46
11-02-2020,2.1,10.62,19.36
12-02-2020,1.32,10.62,19.61
13-02-2020,1.54,10.8,19.9
14-02-2020,2.05,11.99,20.87
17-02-2020,2.63,13.31,21.92
18-02-2020,3.08,13.75,22.6
19-02-2020,1.95,11.49,20.8
20-02-2020,2.33,11.34,20
24-02-2020,4.5,13.7,22.34
25-02-2020,4.78,14.56,22.78
26-02-2020,5.86,16.2,24.09
27-02-2020,6.27,16.48,25.11
28-02-2020,10.36,20.53,29.46
02-03-2020,11.04,20.89,30.35
03-03-2020,9.37,18.54,27.8
04-03-2020,9.88,19.47,29.77
05-03-2020,9.7,18.76,29.59
06-03-2020,12.49,21.41,32.71
09-03-2020,18.28,26.97,39.01
11-03-2020,18.2,27.91,40.25
12-03-2020,28.91,40.14,52.58
13-03-2020,24.18,36.27,48.77
16-03-2020,34.41,43.88,58.68
17-03-2020,37.86,45.07,62.79
18-03-2020,45.97,52.55,72.54
19-03-2020,49.6,57.72,80.13
20-03-2020,41.36,52.26,71.64
23-03-2020,62.44,72.31,97.73
24-03-2020,58.47,70.51,95.6
25-03-2020,48.62,64.59,89.28
26-03-2020,43.06,56.01,83.57
27-03-2020,42.75,56.23,84.74
30-03-2020,49.28,57.53,89.86
31-03-2020,43.79,51.16,85.68
01-04-2020,49.78,54.47,89.45
03-04-2020,52.93,56.47,92.03
07-04-2020,40.61,47.08,82.17
08-04-2020,41.3,44.17,78.96
09-04-2020,35.67,39.39,73.11
13-04-2020,37.45,39.6,75.6
15-04-2020,38.51,38.47,73.39
16-04-2020,37.47,37.45,70.31
17-04-2020,33.4,35.75,66.57
20-04-2020,33.48,36.44,65.72
21-04-2020,37.64,38.64,71
22-04-2020,34.56,36.93,69.73
23-04-2020,32.73,36.57,67.62
24-04-2020,35.04,39,71.17
27-04-2020,33.18,36.24,68.55
28-04-2020,31.78,36.6,66.39
29-04-2020,29.4,35.12,64.29
30-04-2020,25.38,32.43,60.95
04-05-2020,33.02,38.13,68.35
05-05-2020,34.29,40.05,69.55
06-05-2020,33.35,38.72,68.47
07-05-2020,34.39,40.25,69.37
08-05-2020,33.62,39.03,69.93
11-05-2020,33.8,37.58,68.94
12-05-2020,34.42,37.79,70.16
13-05-2020,31.74,36.07,66.35
14-05-2020,35.21,36.96,66.93
15-05-2020,35.3,37.72,67.27
18-05-2020,40.11,42.2,75.12
19-05-2020,39.23,41.44,74.26
20-05-2020,36.35,38.76,71.6
21-05-2020,35.76,37.09,70.28
22-05-2020,36.76,38.59,71.55
26-05-2020,36.92,38.41,69.31
27-05-2020,32.71,38.25,68.32
28-05-2020,30.27,35.85,65.51
29-05-2020,29.04,32.64,63.73
01-06-2020,25.81,30.6,58.8
02-06-2020,23.88,29.75,56.68
03-06-2020,22.87,28.99,56.07
04-06-2020,23.26,28.42,56.2
05-06-2020,21.89,26.04,53.49
08-06-2020,21.59,26.02,52.8
09-06-2020,23.05,26.85,53.38
10-06-2020,22.2,26.9,51.53
11-06-2020,24.85,28.87,53.5
12-06-2020,23.96,27.58,51.55
15-06-2020,25.97,28.74,53.38
16-06-2020,24.7,28.38,52.71
17-06-2020,25.11,28.28,52.54
18-06-2020,22.5,27.92,50.63
19-06-2020,20.67,26.53,49.2
22-06-2020,19.89,24.09,46.86
23-06-2020,18.06,21.88,44.66
24-06-2020,19.96,23.19,46.74
25-06-2020,20.15,23.09,45.45
26-06-2020,19.06,22.89,45.12
29-06-2020,19.88,23.91,47.48
30-06-2020,20,23.99,47.8
01-07-2020,18.53,23.93,47.06
02-07-2020,17.16,23.02,45.41
03-07-2020,16.54,22.08,44.47
06-07-2020,14.85,21.53,42.06
07-07-2020,14.47,20.95,41.45
08-07-2020,15.47,21.37,42
09-07-2020,14.32,21.51,41.46
10-07-2020,14.81,21.79,42.47
13-07-2020,14.44,21.48,42.81
14-07-2020,16.54,22.69,44.37
15-07-2020,16.43,23.36,45.34
16-07-2020,15.11,23,44.55
17-07-2020,13.4,21.02,42.58
20-07-2020,12.16,20.33,41.22
21-07-2020,10.75,20.13,41.09
22-07-2020,11.05,20.79,40.9
23-07-2020,10.23,19.81,39.56
24-07-2020,10.44,21.18,39.95
27-07-2020,11.05,22.14,41.82
28-07-2020,9.4,21.32,40.57
29-07-2020,10.35,20.76,39.89
30-07-2020,11.35,20.16,41.06
31-07-2020,11.64,18.83,40.47
03-08-2020,13.5,19.43,40.49
04-08-2020,11.42,18.67,38.95
05-08-2020,11.36,18.77,38.19
06-08-2020,10.38,17.94,36.63
07-08-2020,10.24,17.65,34.95
10-08-2020,9.69,15.96,33.22
11-08-2020,9.18,16.53,33.68
12-08-2020,9.32,16.58,33.58
13-08-2020,9.4,16,31.51
14-08-2020,10.59,17.09,32.65
17-08-2020,9.92,16.7,32.06
18-08-2020,8.58,15.37,30.44
19-08-2020,8.36,15.19,29.64
20-08-2020,9.28,15.28,28.59
21-08-2020,8.71,14.93,27.97
24-08-2020,7.81,14.92,27.08
25-08-2020,7.76,14.81,26.64
26-08-2020,7.04,14.74,25.99
27-08-2020,6.95,14.26,25.84
28-08-2020,6.14,13.92,25.12
31-08-2020,8.56,19,30.27
01-09-2020,7.78,17.6,29.21
02-09-2020,7.17,16.29,27.31
03-09-2020,7.24,15.59,26.24
04-09-2020,9.07,17.76,28.39
07-09-2020,8.87,18.15,29.51
08-09-2020,9.23,18.96,31.39
09-09-2020,9.61,19.16,32.11
10-09-2020,7.97,18.01,30.5
11-09-2020,7.83,16.97,29.62
14-09-2020,8.06,17.11,26.3
15-09-2020,7.29,16,24.94
16-09-2020,6.53,15.46,24.52
17-09-2020,7.35,16.13,24.82
18-09-2020,7.45,15.85,24.9
21-09-2020,9.88,19.68,29.62
22-09-2020,10.84,21.1,31.65
23-09-2020,11.05,21.41,32.08
24-09-2020,14.41,24.22,35.49
25-09-2020,11.87,20.92,31.68
28-09-2020,10.11,18.26,27.85
29-09-2020,10.16,18.81,28.03
30-09-2020,9.91,18.07,27.96
01-10-2020,8.28,17.13,26.9
05-10-2020,7.47,16.83,27.03
06-10-2020,6,16.4,26.23
07-10-2020,5.31,16.69,26.88
08-10-2020,4.46,16.12,26.74
09-10-2020,3.76,16.45,27.14
12-10-2020,3.62,16.93,27.87
13-10-2020,3.58,17.42,28.49
14-10-2020,3.27,16.57,28.7
15-10-2020,5.84,18.56,30.92
16-10-2020,5.1,17.54,29.46
19-10-2020,4.12,16.58,28.47
20-10-2020,3.91,16.35,27.66
21-10-2020,3.56,16.62,27.34
22-10-2020,3.92,16.7,26.56
23-10-2020,3.62,16.36,25.57
26-10-2020,5.05,17.95,27.76
27-10-2020,3.98,16.23,26.22
28-10-2020,5.39,17.2,27.48
29-10-2020,5.93,16.68,28.03
30-10-2020,6.18,16.71,27.34
02-11-2020,5.94,16.3,26.83
03-11-2020,4.65,15.64,25.95
04-11-2020,3.81,14.87,25.13
05-11-2020,2,13.05,22.94
06-11-2020,0.81,12.65,22.07
09-11-2020,0,11.04,21.02
10-11-2020,0,11.81,20.68
11-11-2020,0,10.53,20.23
12-11-2020,0.46,9.88,19.52
13-11-2020,0.23,8.9,18.41
17-11-2020,0,7.51,16.51
18-11-2020,0,7.15,14.84
19-11-2020,1.3,7.91,15.58
20-11-2020,0.62,6.57,14.6
23-11-2020,0.09,5.62,13.12
24-11-2020,0,5.08,12.3
25-11-2020,1.53,6.7,14.18
26-11-2020,0.52,5.74,13.21
27-11-2020,0.66,5.23,10.23
01-12-2020,0,3.86,9.18
02-12-2020,0,2.99,8.65
03-12-2020,0,1.92,7.97
04-12-2020,0,1.53,7.6
07-12-2020,0,0.61,6.38
08-12-2020,0,0.65,6.32
09-12-2020,0,0.62,5.68
10-12-2020,0.38,0.22,6.57
11-12-2020,0.11,0,6.33
14-12-2020,0,0,5.64
15-12-2020,0,0.22,5.15
16-12-2020,0,0,3.95
17-12-2020,0,0.35,4.23
18-12-2020,0,0.19,4.49
21-12-2020,3.24,3.79,9.77
22-12-2020,2.19,2.31,8.85
23-12-2020,1.17,0.61,6.32
24-12-2020,0.08,0.23,6.13
28-12-2020,0,0,4.89
29-12-2020,0,0.06,5.01
30-12-2020,0,0,4.77
31-12-2020,0,0,4.27
04-01-2021,0,0,1.61
05-01-2021,0,0,0.92
06-01-2021,0.38,0.19,0.37
07-01-2021,0.44,0,0
08-01-2021,0,0,0
11-01-2021,0,0,0.24
12-01-2021,0,0.28,0
13-01-2021,0,0.89,0.6
14-01-2021,0,0.41,0.54
15-01-2021,1.12,2.01,1.62
18-01-2021,2.2,3.92,3.81
19-01-2021,0.51,2.17,1.46
20-01-2021,0,1.6,0.41
21-01-2021,0.37,2.51,1.65
22-01-2021,1.9,3.36,2.91
25-01-2021,2.85,4.17,3.89
27-01-2021,4.85,5.56,5.56
28-01-2021,5.99,5.98,6.19
29-01-2021,7.41,8.55,6.6
01-02-2021,2.55,5.5,3.19
02-02-2021,0,3.4,0.79
03-02-2021,0,2.9,0
04-02-2021,0,1.28,0
05-02-2021,0,1.98,1.1
08-02-2021,0,0.86,0
09-02-2021,0.04,0.91,0.08
10-02-2021,0.06,0.52,0
11-02-2021,0,0,0
12-02-2021,0.07,0,0.23
15-02-2021,0,0,0
16-02-2021,0.01,0,0
17-02-2021,0.7,0,0
18-02-2021,1.29,0,0
19-02-2021,2.22,1.35,1.65
22-02-2021,4.35,3.02,2.96
23-02-2021,4.13,2.3,1.93
24-02-2021,2.22,1.76,0.89
25-02-2021,1.44,1.09,0
26-02-2021,5.41,3.36,1.63
01-03-2021,3.75,2.39,0
02-03-2021,2.65,0.64,0
03-03-2021,0.45,0,0
04-03-2021,1.55,0,0
05-03-2021,2.52,1.47,2.2
08-03-2021,2.4,1.64,1.9
09-03-2021,1.43,2.43,2.43
10-03-2021,0.92,1.82,1.6
12-03-2021,1.89,2.78,2.04
15-03-2021,2.58,3.33,2.74
16-03-2021,2.71,2.85,2.33
17-03-2021,4.03,4.91,4.93
18-03-2021,5.2,6.19,6.39
19-03-2021,3.87,4.99,5.11
22-03-2021,3.92,3.97,4.26
23-03-2021,3.37,2.71,3.36
24-03-2021,5.26,4.28,5.46
25-03-2021,6.91,6.63,7.65
26-03-2021,5.57,5.34,6.01
30-03-2021,3.16,4.98,4.23
31-03-2021,4.25,4.69,3.86
01-04-2021,3.01,3.14,2.03
05-04-2021,4.62,4.09,3.4
06-04-2021,4.3,3.06,2.47
07-04-2021,3.34,2.05,1.13
08-04-2021,2.96,1.29,0.6
09-04-2021,3.23,1.18,0.42
12-04-2021,7.01,6.12,6.46
13-04-2021,5.58,5.03,4.64
15-04-2021,5.03,4.39,4.58
16-04-2021,4.77,3.28,3.57
19-04-2021,6.65,5.08,5.81
20-04-2021,7.12,4.61,5.5
22-04-2021,6.31,4.48,5.02
23-04-2021,6.79,4.35,4.75
26-04-2021,5.73,3.83,3.94
27-04-2021,4.52,3.03,2.33
28-04-2021,3.03,2.4,1.21
29-04-2021,2.82,2.44,1.33
30-04-2021,4.67,2.93,1.7
03-05-2021,4.65,2.05,1.42
04-05-2021,5.64,2.45,1.82
05-05-2021,4.77,0.79,0.81
06-05-2021,4.01,0.22,0
07-05-2021,3.32,0,0.38
10-05-2021,2.49,0,0
11-05-2021,3.12,0,0
12-05-2021,4.21,0,0.81
14-05-2021,4.34,1.45,2.5
17-05-2021,2.62,0.18,0.64
18-05-2021,1.37,0,0
19-05-2021,1.89,0,0.13
20-05-2021,2.74,0.06,0.22
21-05-2021,0.92,0,0
24-05-2021,0.77,0,0
25-05-2021,0.7,0.35,0.16
26-05-2021,0.09,0.48,0.07
27-05-2021,0,0.01,0
28-05-2021,0,0,0.04
31-05-2021,0,0,0
01-06-2021,0.05,0.11,0.1
02-06-2021,0.04,0,0
03-06-2021,0,0,0
04-06-2021,0.13,0,0
07-06-2021,0,0,0
08-06-2021,0.07,0,0
09-06-2021,0.74,0.93,0.73
10-06-2021,0.09,0,0
11-06-2021,0,0,0
14-06-2021,0,0.44,0.48
15-06-2021,0,0.12,0
16-06-2021,0.64,1.06,0.94
17-06-2021,1.13,2.01,2.2
18-06-2021,1.19,2.56,3.28
21-06-2021,0.78,1.67,2.47
22-06-2021,0.61,1.17,2.36
23-06-2021,1.16,2,2.58
24-06-2021,0.5,2.49,2.87
25-06-2021,0.06,1.79,1.75
28-06-2021,0.34,1.39,1.21
29-06-2021,0.77,1.59,1.72
30-06-2021,0.94,2.03,1.46
01-07-2021,1.21,1.69,1.79
02-07-2021,0.94,1.97,1.27
05-07-2021,0.22,1.34,0.74
06-07-2021,0.32,1.35,0.79
07-07-2021,0,0.92,0.13
08-07-2021,0.96,1.13,0.56
09-07-2021,1.21,0.96,0
12-07-2021,1.19,0.89,0
13-07-2021,0.43,1.08,0
14-07-2021,0.16,1.08,0
15-07-2021,0,0.75,0
16-07-2021,0.01,0.27,0
19-07-2021,1.09,0.92,0.82
20-07-2021,1.87,1.6,2.29
22-07-2021,0.63,0,1.14
23-07-2021,0.43,0.12,0.97
26-07-2021,0.63,0.02,1.01
27-07-2021,1.13,0.65,1.44
28-07-2021,1.37,0.47,1.96
29-07-2021,0.92,0.42,1.23
30-07-2021,1.02,0,0.13
02-08-2021,0.25,0,0
03-08-2021,0,0,0
04-08-2021,0,0.72,1.21
05-08-2021,0,0.94,1.2
06-08-2021,0.35,0.73,1.14
09-08-2021,0.22,1.2,1.89
10-08-2021,0.09,1.61,3.01
11-08-2021,0.08,1.84,3.14
12-08-2021,0,1.52,2.1
13-08-2021,0,1.4,2.41
16-08-2021,0,1.28,2.76
17-08-2021,0,0.75,2.42
18-08-2021,0.28,0.2,2.13
20-08-2021,1,1.7,4.21
23-08-2021,0.72,2.12,5.11
24-08-2021,0,1.14,3.63
25-08-2021,0,0.67,3.3
26-08-2021,0,0.37,3.1
27-08-2021,0,0,2.02
30-08-2021,0,0,0.08
31-08-2021,0,0,0
01-09-2021,0.33,0,0
02-09-2021,0,0,0
03-09-2021,0,0,0
06-09-2021,0,0.13,0
07-09-2021,0.09,0.48,0.25
08-09-2021,0.14,0,0
09-09-2021,0.05,0,0
13-09-2021,0.13,0,0
14-09-2021,0,0,0
15-09-2021,0,0,0
16-09-2021,0,0,0
17-09-2021,0.25,0.83,1.28
20-09-2021,1.34,2.74,3.51
21-09-2021,0.38,1.85,2.86
22-09-2021,0.47,1.3,1.17
23-09-2021,0,0.18,0
24-09-2021,0,1.03,0.79
27-09-2021,0,1.32,0.76
28-09-2021,0.6,2.05,1.43
29-09-2021,0.81,2.6,0.35
30-09-2021,1.34,2.67,0
01-10-2021,1.84,2.35,0
04-10-2021,0.93,0.82,0
05-10-2021,0.18,0.42,0
06-10-2021,1.18,1.39,0.92
07-10-2021,0.36,0.33,0
08-10-2021,0,0.56,0
11-10-2021,0,0.11,0
12-10-2021,0,0,0
13-10-2021,0,0,0
14-10-2021,0,0,0
18-10-2021,0,0,0
19-10-2021,0.32,1.41,2.22
20-10-2021,1.15,3.2,4.47
21-10-2021,1.64,3.97,4.88
22-10-2021,2,5.43,5.8
25-10-2021,1.94,6.37,7.63
26-10-2021,1.14,5.12,5.73
27-10-2021,1.46,4.58,5.65
28-10-2021,3.47,6.85,7.77
29-10-2021,4.56,6.23,7.93
01-11-2021,3.05,4.92,6
02-11-2021,3.29,4.88,5.13
03-11-2021,3.63,4.28,5.41
04-11-2021,3.13,3.73,4.59
08-11-2021,2.26,2.4,3.35
09-11-2021,2.4,2.02,2.17
10-11-2021,2.55,1.84,2.62
11-11-2021,3.38,2.28,3.47
12-11-2021,2.07,1.05,3
15-11-2021,2.03,0.78,2.67
16-11-2021,2.65,0.94,2.95
17-11-2021,3.23,1.05,3.64
18-11-2021,4.01,2.51,5.16
22-11-2021,6.09,4.45,8.42
23-11-2021,5.56,2.9,6.54
24-11-2021,6.1,3.45,6.97
25-11-2021,5.36,2.57,6.33
26-11-2021,8.52,5.76,9.91
29-11-2021,8.34,6.74,11.42
30-11-2021,8.8,7,10.91
01-12-2021,7.63,6.39,9.78
02-12-2021,6.18,5.35,8.54
03-12-2021,7.45,5.56,8.55
06-12-2021,9.25,7.64,10.12
07-12-2021,7.57,6.03,8.59
08-12-2021,5.77,4.67,6.88
09-12-2021,5.48,4.45,6.23
10-12-2021,5.52,4.05,5.39
13-12-2021,6.38,4.56,5.65
14-12-2021,6.65,4.21,5.85
15-12-2021,7.29,5.08,6.46
16-12-2021,7.12,5.45,7.2
17-12-2021,8.78,8.11,9.84
20-12-2021,11.21,11.26,14.03
21-12-2021,10.17,9.2,12.59
22-12-2021,8.97,7.72,10.88
23-12-2021,8.23,6.58,9.88
24-12-2021,8.66,7.71,11.05
27-12-2021,8.14,7.42,10.56
28-12-2021,7.22,6.46,9.27
29-12-2021,7.34,6.71,9.12
30-12-2021,7.4,7.53,9.53
31-12-2021,6.47,5.9,8.02
03-01-2022,4.83,5.07,6.81
04-01-2022,3.77,5.06,6.53
05-01-2022,3.08,4.55,6.36
06-01-2022,4.12,4.83,6.23
07-01-2022,3.73,4.39,5.7
10-01-2022,2.63,3.99,4.82
11-01-2022,2.33,4.03,4.73
12-01-2022,1.45,3.26,3.44
13-01-2022,1.2,2.8,2.77
14-01-2022,1.21,2.66,2.8
17-01-2022,0.92,2.28,2.63
18-01-2022,2.01,4.07,4.79
19-01-2022,3,4.15,4.85
20-01-2022,4.06,4.22,5.02
21-01-2022,4.88,5.99,7.59
24-01-2022,7.74,10.07,11.92
25-01-2022,6.94,9.05,10.81
27-01-2022,7.99,10.94,11.99
28-01-2022,8.04,10.03,10.33
31-01-2022,6.56,8.79,8.62
01-02-2022,5.12,6.93,7.43
02-02-2022,3.92,5.82,6.18
03-02-2022,5.22,6.37,7.21
04-02-2022,5.48,6.45,8.03
07-02-2022,7.34,7.17,9.15
08-02-2022,7.01,7.67,9.92
09-02-2022,5.8,6.47,8.68
10-02-2022,4.95,6.03,8.38
11-02-2022,6.34,7.59,10.61
14-02-2022,9.7,11.31,15.15
15-02-2022,6.48,8.68,11.95
16-02-2022,6.67,8.89,12.27
17-02-2022,6.78,8.66,12.61
18-02-2022,6.95,9.82,13.65
21-02-2022,7.38,11.28,15.08
22-02-2022,8.1,11.5,16.26
23-02-2022,8.29,10.57,15.52
24-02-2022,13.72,17.14,22.56
25-02-2022,10.92,12.87,17.64
28-02-2022,10.02,11.62,16.52
02-03-2022,11.27,11.59,16.54
03-03-2022,12,11.74,17.02
04-03-2022,13.74,14.51,19.51
07-03-2022,16.48,17.61,22.4
08-03-2022,15.38,15.86,20.91
09-03-2022,13.04,14.25,18.35
10-03-2022,11.34,12.08,17.28
11-03-2022,11.1,11.53,16.57
14-03-2022,9.52,11.94,16.33
15-03-2022,10.89,12.99,17.36
16-03-2022,8.85,10.49,15.04
17-03-2022,6.88,8.89,13.48
21-03-2022,7.94,10.38,13.8
22-03-2022,6.71,10.19,13.48
23-03-2022,7.14,9.95,12.86
24-03-2022,7.28,9.75,12.2
25-03-2022,7.72,9.7,12.33
28-03-2022,7.29,10.08,12.54
29-03-2022,6.65,9.55,12.07
30-03-2022,5.59,8.9,11.13
31-03-2022,5.8,8.74,10.75
01-04-2022,4.56,7.07,9.13
04-04-2022,2.35,5.43,7.38
05-04-2022,2.89,4.57,5.92
06-04-2022,3.76,4.19,5.3
07-04-2022,4.75,4.5,6.38
08-04-2022,3.9,2.91,5.35
11-04-2022,4.54,1.89,4.7
12-04-2022,5.4,3.06,6.75
13-04-2022,5.73,2.91,6.78
18-04-2022,7.59,3.28,7.91
19-04-2022,8.95,5.19,9.42
20-04-2022,7.82,4.67,8.61
21-04-2022,6.24,3.36,7.46
22-04-2022,7.6,4.13,8.47
25-04-2022,8.98,6.23,10.6
26-04-2022,7.42,3.8,8.83
27-04-2022,8.44,5.18,9.78
28-04-2022,7.14,3.76,9.13
29-04-2022,8.04,5.11,10.05
02-05-2022,8.25,5.49,10.71
04-05-2022,10.79,8.61,13.11
05-05-2022,10.76,8.45,12.99
06-05-2022,12.59,10.79,15.05
09-05-2022,13.34,12.97,17.13
10-05-2022,13.77,15.55,19.37
11-05-2022,14.29,15.69,19.8
12-05-2022,16.88,18.67,22.66
13-05-2022,17.08,19.2,21.41
16-05-2022,16.63,17.42,19.91
17-05-2022,13.64,14.5,16.72
18-05-2022,13.77,14.43,16.98
19-05-2022,16.87,17.65,20.58
20-05-2022,13.59,15.92,17.98
23-05-2022,13.95,16.93,18.4
24-05-2022,14.59,17.92,19.17
25-05-2022,15.3,19.96,22.16
26-05-2022,14.27,18.33,20.54
27-05-2022,12.99,17.53,18.9
30-05-2022,10.9,14.8,16.09
31-05-2022,11.41,14.69,16.25
01-06-2022,11.83,15.78,16.2
02-06-2022,11.12,15.17,15.42
03-06-2022,11.41,16.86,17.35
06-06-2022,11.51,17.2,17.48
07-06-2022,12.55,18.19,18.27
08-06-2022,12.97,18.56,18.84
09-06-2022,12.13,17.64,18.27
10-06-2022,14.04,18.72,19.25
13-06-2022,17.13,21.35,22.81
14-06-2022,17.45,20.98,23.09
15-06-2022,17.75,20.71,22.66
16-06-2022,20.29,23.27,25.61
17-06-2022,20.82,25.34,27.08
20-06-2022,20.37,26.27,30.02
21-06-2022,18.15,22.89,25.54
22-06-2022,19.88,25.18,27.62
23-06-2022,18.77,23.7,26.09
24-06-2022,17.69,22.1,24.33
27-06-2022,16.71,21.22,23.1
28-06-2022,16.57,21.04,22.75
29-06-2022,16.95,21.89,23.29
30-06-2022,17.09,22.47,24.32
01-07-2022,17.3,21.16,23.69
04-07-2022,16.68,19.94,22.84
05-07-2022,16.86,19.84,23.17
06-07-2022,15.56,17.85,20.88
07-07-2022,14.53,16.84,19.27
08-07-2022,13.91,16.5,18.94
11-07-2022,13.94,14.7,17.83
12-07-2022,15.06,15.08,18.37
13-07-2022,15.72,15.12,18.17
14-07-2022,15.93,15.25,18.28
15-07-2022,15.13,14.8,17.37
18-07-2022,13.51,13.28,15.75
19-07-2022,13.07,12.73,14.98
20-07-2022,11.84,12.53,14.76
21-07-2022,11.27,10.9,13.2
22-07-2022,10.51,11.31,13.21
25-07-2022,11.1,11.43,13.31
26-07-2022,12.09,12.86,14.75
27-07-2022,11.03,11.94,13.49
28-07-2022,9.14,10.67,12.54
29-07-2022,7.69,9.29,10.97
01-08-2022,6.56,7.73,9.15
02-08-2022,6.52,7.28,8.79
03-08-2022,6.26,7.69,9.55
04-08-2022,6.3,7.15,8.92
05-08-2022,6.21,7.25,8.68
08-08-2022,5.43,6.72,8.29
10-08-2022,5.37,7.09,8.46
11-08-2022,4.63,6.21,7.52
12-08-2022,4.4,5.91,6.75
16-08-2022,3.66,4.27,5.22
17-08-2022,2.97,3.22,4.72
18-08-2022,2.9,2.6,4.53
19-08-2022,4.05,3.65,6.06
22-08-2022,5.64,5.6,8.25
23-08-2022,5.12,5.09,7
24-08-2022,4.95,4.46,6.21
25-08-2022,5.45,4.44,6.28
26-08-2022,5.23,3.9,5.69
29-08-2022,6.72,4.52,6.58
30-08-2022,4.04,2.29,4.46
01-09-2022,5.33,2.27,4.34
02-09-2022,5.35,2.46,4.72
05-09-2022,4.59,2.58,4.32
06-09-2022,4.65,1.92,3.72
07-09-2022,4.84,1.56,3.2
08-09-2022,3.81,1.29,3.01
09-09-2022,3.61,1.36,2.65
12-09-2022,3.01,0.16,1.67
13-09-2022,2.25,0,1.5
14-09-2022,2.63,0,1.84
15-09-2022,3.35,0,1.45
16-09-2022,5.4,2.99,4.41
19-09-2022,4.85,2.66,4.38
20-09-2022,3.71,1.51,2.91
21-09-2022,4.28,3.16,3.68
22-09-2022,4.81,2.73,3.33
23-09-2022,6.64,4.6,5.81
26-09-2022,8.58,7.52,9.21
27-09-2022,8.64,7.24,9.03
28-09-2022,9.6,7.91,9.37
29-09-2022,9.86,8.26,8.94
30-09-2022,8.09,7.14,7.23
03-10-2022,9.41,9.66,8.59
04-10-2022,6.96,7.15,5.77
06-10-2022,6.61,6.31,4.45
07-10-2022,6.71,6.49,4.71
10-10-2022,7.17,7.38,5.71
11-10-2022,8.79,9.39,7.58
12-10-2022,7.9,8.52,6.92
13-10-2022,8.6,9.59,7.66
14-10-2022,7.51,9.99,7.73
17-10-2022,6.73,9.28,7.56
18-10-2022,5.66,8.17,6.4
19-10-2022,5.51,8.3,6.13
20-10-2022,5.2,7.26,6.42
21-10-2022,5.12,8.7,7.15
24-10-2022,4.21,8.35,6.61
25-10-2022,4.65,8.35,6.14
27-10-2022,4.17,7.12,5.49
28-10-2022,3.88,7.64,6.07
31-10-2022,2.58,6.54,4.62
01-11-2022,1.83,5.47,3.72
02-11-2022,2.18,5.69,3.8
03-11-2022,2.35,5.57,3.45
04-11-2022,1.99,5.37,3.71
07-11-2022,1.51,4.92,2.88
09-11-2022,1.76,5.12,3.65
10-11-2022,2.49,6.16,4.87
11-11-2022,0.69,5.15,4.79
14-11-2022,0.81,4.59,4.73
15-11-2022,0.4,4.42,4.72
16-11-2022,0.37,5.19,5.41
17-11-2022,0.73,5.98,5.83
18-11-2022,0.93,6.59,6.37
21-11-2022,1.75,7.18,6.42
22-11-2022,1.28,6.92,5.84
23-11-2022,1.15,6.72,5.57
24-11-2022,0,6.31,5.1
25-11-2022,0,6.02,4.11
28-11-2022,0,5.79,3.35
29-11-2022,0,5.25,3.81
30-11-2022,0,3.95,2.64
01-12-2022,0,3.55,1.86
02-12-2022,0.62,3.4,0.98
05-12-2022,0.6,3.58,0.73
06-12-2022,0.91,3.67,1.2
07-12-2022,1.36,3.47,1.78
08-12-2022,1.09,3.05,1.17
09-12-2022,1.71,3.69,1.58
12-12-2022,1.7,3.67,1.21
13-12-2022,1.1,3.84,0.67
14-12-2022,0.82,3.36,0.07
15-12-2022,2.16,4.29,1.09
16-12-2022,2.97,5.65,2.73
19-12-2022,2.13,4.61,2.17
20-12-2022,2.32,4.81,2.39
21-12-2022,3.37,6.51,4.03
22-12-2022,3.78,7.29,4.94
23-12-2022,5.65,11.43,9.04
27-12-2022,3.75,7.77,5.12
28-12-2022,3.81,7.46,4.98
29-12-2022,3.42,7.48,4.89
30-12-2022,3.91,7.65,4.37
02-01-2023,3.38,7.49,3.46
03-01-2023,3.18,7.02,3.22
04-01-2023,4.27,8.49,4.39
05-01-2023,4.56,7.74,3.86
06-01-2023,5.34,8.54,4.66
09-01-2023,3.93,7.67,3.68
10-01-2023,5.01,8.06,4.2
11-01-2023,5.12,8.41,4.54
12-01-2023,5.34,8.18,4.86
13-01-2023,4.77,7.74,4.97
16-01-2023,5.13,7.81,5.22
17-01-2023,4.21,7.71,5.34
18-01-2023,3.56,7.7,4.8
19-01-2023,3.89,8.08,4.91
20-01-2023,4.35,8.49,5.74
23-01-2023,3.83,8.32,5.15
24-01-2023,3.83,8.59,5.56
25-01-2023,5.15,11.39,7.14
27-01-2023,6.86,15.7,8.74
30-01-2023,6.59,17.04,8.94
31-01-2023,6.51,15.85,7.2
01-02-2023,6.79,17.76,8.22
02-02-2023,6.83,18.04,8.06
03-02-2023,5.37,18.07,8.25
06-02-2023,5.9,17.42,7.22
07-02-2023,6.16,17.6,7.24
08-02-2023,5.26,16.56,6.27
09-02-2023,5.14,17.14,6.23
10-02-2023,5.35,17.24,5.98
13-02-2023,5.86,18.95,7.59
14-02-2023,4.92,19.09,7.88
15-02-2023,4.42,18.25,7.22
16-02-2023,4.31,17.41,6.47
17-02-2023,4.84,18.14,7.32
20-02-2023,5.42,18.51,7.23
21-02-2023,5.53,18.73,7.62
22-02-2023,7.17,20.47,8.85
23-02-2023,7.43,20.99,9.01
24-02-2023,7.71,21.09,9.24
27-02-2023,8.16,22.23,10
28-02-2023,8.72,21.91,9.19
01-03-2023,7.8,20.5,7.52
02-03-2023,8.61,20.57,7.87
03-03-2023,6.92,19.48,7.12
06-03-2023,6.22,18.54,6.22
08-03-2023,5.96,18.1,5.67
09-03-2023,6.95,18.97,6.26
10-03-2023,8.04,19.25,7.06
13-03-2023,9.67,20.8,9.23
14-03-2023,10.38,21.51,9.8
15-03-2023,10.84,21.58,9.72
16-03-2023,10.76,20.85,9.63
17-03-2023,10.01,20.18,9.28
20-03-2023,10.74,21.06,10.42
21-03-2023,9.97,20.37,9.77
22-03-2023,9.68,19.59,9.47
23-03-2023,10.16,20.08,9.92
24-03-2023,11.02,21.01,11.23
27-03-2023,10.75,21.64,11.75
28-03-2023,10.98,22.8,12.14
29-03-2023,10.14,21.82,10.44
31-03-2023,8.37,20.15,9.49
03-04-2023,8.13,19.85,9.01
05-04-2023,7.15,19.21,9.03
06-04-2023,6.89,18.92,8.34
10-04-2023,6.74,18.58,7.92
11-04-2023,6.15,18.33,7.38
12-04-2023,5.61,17.77,6.69
13-04-2023,5.52,17.97,6.48
17-04-2023,6.24,17.46,6.06
18-04-2023,6.53,17.03,5.26
19-04-2023,6.78,18.08,5.36
20-04-2023,6.74,18.03,5.33
21-04-2023,6.74,18.18,5.78
24-04-2023,6.03,17.74,5.37
25-04-2023,5.87,17.23,5.47
26-04-2023,5.61,16.78,5.3
27-04-2023,5.01,16.47,4.71
28-04-2023,4.14,14.93,3.43
02-05-2023,3.66,14.18,2.44
03-05-2023,3.99,13.97,2.17
04-05-2023,3.05,13.26,1.58
05-05-2023,4.11,13.28,2.29
08-05-2023,3,12.51,1.26
09-05-2023,2.99,12.62,1.22
10-05-2023,2.72,11.99,1.17
11-05-2023,2.82,11.12,0.87
12-05-2023,2.72,11.3,1.28
15-05-2023,2.25,10.78,0.54
16-05-2023,2.88,10.62,0.28
17-05-2023,3.47,11.25,0.37
18-05-2023,3.76,12.37,0.96
19-05-2023,3.35,12,1.03
22-05-2023,2.72,10.97,0.39
23-05-2023,2.53,10.74,0
24-05-2023,2.88,10.81,0
25-05-2023,2.68,10.19,0
26-05-2023,1.69,8.95,0
29-05-2023,1.15,8.32,0
30-05-2023,0.96,8.27,0
31-05-2023,1.5,8,0
01-06-2023,1.76,7.73,0
02-06-2023,1.5,7.28,0
05-06-2023,1.18,7.1,0
06-06-2023,1.15,6.61,0
07-06-2023,0.46,5.62,0
08-06-2023,0.95,6.32,0.55
09-06-2023,1.34,6.42,0.69
12-06-2023,1.13,5.93,0.14
13-06-2023,0.51,4.93,0
14-06-2023,0.3,4.69,0
15-06-2023,0.67,4.65,0
16-06-2023,0,3.6,0
19-06-2023,0.38,3.77,0
20-06-2023,0.05,3.39,0
21-06-2023,0,3.43,0
22-06-2023,0.46,4.67,1.08
23-06-2023,1.03,6.02,2.34
26-06-2023,0.89,5.6,1.41
27-06-2023,0.21,5.14,0.9
28-06-2023,0,4.48,0.26
30-06-2023,0,3.8,0
03-07-2023,0,3.39,0
04-07-2023,0,3.78,0.2
05-07-2023,0,2.96,0
06-07-2023,0,2.35,0
07-07-2023,0.86,3.21,0.82
10-07-2023,0.73,3.78,1.21
11-07-2023,0.3,3,0.33
12-07-2023,0.58,2.74,0
13-07-2023,0.43,3.41,0.81
14-07-2023,0,2.65,0
17-07-2023,0,2.35,0
18-07-2023,0,2.79,0.14
19-07-2023,0,2.25,0
20-07-2023,0,2.4,0
21-07-2023,1.19,2.78,0.36
24-07-2023,1.56,2.8,0.51
25-07-2023,1.52,2.27,0.12
26-07-2023,1.02,1.9,0
27-07-2023,1.62,1.6,0
28-07-2023,1.7,0.55,0
31-07-2023,1.14,0.28,0
01-08-2023,1.24,0.33,0
02-08-2023,2.32,1.72,1.34
03-08-2023,3.08,2.25,1.09
04-08-2023,2.37,1.45,0.27
07-08-2023,1.95,1.28,0
08-08-2023,2.09,1.28,0
09-08-2023,1.77,1.04,0
10-08-2023,2.23,1.65,0.08
11-08-2023,2.84,1.9,0.53
14-08-2023,2.8,3.19,0.71
16-08-2023,2.64,3.19,0.62
17-08-2023,3.17,3.46,0.37
18-08-2023,3.46,3.97,0.59
21-08-2023,3.02,3.13,0
22-08-2023,3,2.46,0
23-08-2023,2.75,2.41,0
24-08-2023,3.06,2.04,0
25-08-2023,3.7,3.01,0.83
28-08-2023,3.49,2.45,0.33
29-08-2023,3.29,1.85,0
30-08-2023,3.27,1.5,0
31-08-2023,3.77,2.25,0
01-09-2023,2.8,1.37,0
04-09-2023,2.31,0.47,0
05-09-2023,2.07,0.26,0
06-09-2023,1.88,0,0
07-09-2023,1.28,0,0
08-09-2023,0.8,0,0
11-09-2023,0,0,0
12-09-2023,0.02,2.35,3.17
13-09-2023,0,2.04,2.98
14-09-2023,0,1.34,1.79
15-09-2023,0,1.16,1.5
18-09-2023,0.29,1.22,1.93
20-09-2023,1.46,2.12,2.22
21-09-2023,2.28,2.99,3.13
22-09-2023,2.63,3.12,3.25
25-09-2023,2.63,3.36,2.57
26-09-2023,2.68,3.16,2.74
27-09-2023,2.41,3.01,1.98
28-09-2023,3.43,4.57,3.34
29-09-2023,2.82,3.44,2.24
03-10-2023,3.4,3.1,2.06
04-10-2023,3.89,4.54,3.49
05-10-2023,3.31,4.29,3.49
06-10-2023,2.74,3.64,2.88
09-10-2023,3.48,4.91,4.28
10-10-2023,2.55,3.51,2.88
11-10-2023,1.92,2.98,2.37
12-10-2023,2.01,2.74,2.19
13-10-2023,2.23,2.86,2.32
16-10-2023,2.33,2.56,2.1
17-10-2023,1.92,2.19,1.75
18-10-2023,2.65,3.25,2.67
19-10-2023,2.89,3.58,2.76
20-10-2023,3.32,4.57,3.93
23-10-2023,4.72,6.64,6.77
25-10-2023,5.6,7.29,7.47
26-10-2023,7.08,8.35,8.73
27-10-2023,6.01,6.27,7.09
30-10-2023,5.49,6.1,6.99
31-10-2023,5.83,5.83,6.6
01-11-2023,6.34,6.4,6.88
02-11-2023,5.54,4.8,5.42
03-11-2023,5,3.79,4.69
06-11-2023,4.02,3,3.77
07-11-2023,4.05,2.18,3.48
08-11-2023,3.85,1.51,2.47
09-11-2023,4.11,2.03,2.24
10-11-2023,3.95,1.88,1.75
13-11-2023,3.85,1.3,1.06
15-11-2023,2.63,0.34,0.1
16-11-2023,2.16,0,0
17-11-2023,2.33,0,0
20-11-2023,2.53,0.26,0
21-11-2023,2.07,0.26,0
22-11-2023,1.92,0.64,0
23-11-2023,1.97,0.35,0
24-11-2023,2.01,0.49,0
28-11-2023,1.52,0,0
29-11-2023,0.48,0,0
30-11-2023,0.29,0,0
01-12-2023,0,0,0
04-12-2023,0,0,0
05-12-2023,0,0,0
06-12-2023,0,0,0
07-12-2023,0.17,0,0
08-12-2023,0,0.62,0.21
11-12-2023,0,0,0
12-12-2023,0.43,0.64,0.39
13-12-2023,0.34,0,0
14-12-2023,0,0,0
15-12-2023,0,0,0
18-12-2023,0.18,0,0
19-12-2023,0.02,0,0.38
20-12-2023,1.45,3.03,3.77
21-12-2023,0.95,1.68,2.05
22-12-2023,0.5,0.85,1.31
26-12-2023,0.07,0,0.65
27-12-2023,0,0,0.28
28-12-2023,0,0,0
29-12-2023,0.22,0,0
02-01-2024,0.52,0.13,0
03-01-2024,1.21,0,0
04-01-2024,0.55,0,0
05-01-2024,0.31,0.12,0
08-01-2024,1.24,1.17,1.07
09-01-2024,1.09,0.74,0.91
10-01-2024,0.74,0.52,0.61
11-01-2024,0.61,0,0.12
12-01-2024,0,0,0
15-01-2024,0,0,0
16-01-2024,0.3,0.22,0.36
17-01-2024,2.44,1.35,1.46
18-01-2024,2.96,1.83,1.57
19-01-2024,2.2,0.42,0.05
23-01-2024,4.04,3.08,2.72
24-01-2024,3,1.34,0.87
25-01-2024,3.49,1.19,1.33
29-01-2024,1.66,0,0
30-01-2024,2.67,0.34,0.39
31-01-2024,1.71,0,0
01-02-2024,1.84,0,0.56
02-02-2024,1.11,0,0.19
05-02-2024,1.5,0.49,0.33
06-02-2024,0.77,0,0
07-02-2024,0.76,0,0
08-02-2024,1.75,0,0.05
09-02-2024,1.45,0.4,0.95
12-02-2024,2.23,2.37,3.52
13-02-2024,1.63,1.35,3.17
14-02-2024,1.18,0,2.11
15-02-2024,0.85,0,1.09
16-02-2024,0.26,0,0.45
20-02-2024,0,0,0.21
21-02-2024,0.64,0.55,1.48
22-02-2024,0,0,0.46
23-02-2024,0.02,0,0.15
26-02-2024,0.43,0,0.51
27-02-2024,0.09,0.08,0.63
28-02-2024,1.21,1.39,2.63
29-02-2024,1.07,0.35,2.1
01-03-2024,0,0,1.15
04-03-2024,0,0,0.21
05-03-2024,0.22,0,0.48
06-03-2024,0,0.29,1.01
07-03-2024,0,0,0.79
11-03-2024,0.72,0.02,1.18
12-03-2024,0.71,1.59,2.63
13-03-2024,2.25,5.55,7.35
14-03-2024,1.57,3.08,5.23
15-03-2024,2.14,3.9,5.71
18-03-2024,1.99,3.26,6.13
19-03-2024,3.1,5.09,7.46
20-03-2024,3,4.76,7.47
21-03-2024,2.19,2.39,4.93
22-03-2024,1.8,1.92,4.31
26-03-2024,2.22,0.87,3.23
27-03-2024,1.67,0.69,3.17
28-03-2024,0.75,0,2.65
01-04-2024,0.14,0,0.9
02-04-2024,0.18,0,0
03-04-2024,0.26,0,0
04-04-2024,0,0.43,0
05-04-2024,0,0,0
08-04-2024,0,0,0
09-04-2024,0.1,0.32,0.29
10-04-2024,0,0,0
12-04-2024,1.04,0.41,0.62
15-04-2024,2.16,2.12,2.23
16-04-2024,2.74,2.04,2.32
18-04-2024,3.45,2.16,2.83
19-04-2024,2.74,2.32,3.46
22-04-2024,1.87,1.02,2.62
23-04-2024,1.72,0.84,1.54
24-04-2024,1.57,0.08,0.78
25-04-2024,0.81,0,0.3
26-04-2024,1.49,0,0
29-04-2024,0.49,0,0
30-04-2024,0.66,0,0
02-05-2024,0.47,0,0
03-05-2024,1.24,0.36,0.35
06-05-2024,1.39,1.65,0.89
07-05-2024,2.02,3.24,2.9
08-05-2024,2.02,1.89,2.16
09-05-2024,3.63,4.1,4.08
10-05-2024,3.17,3.24,3.2
13-05-2024,2.94,2.57,2.77
14-05-2024,2.41,1.08,1.77
15-05-2024,2.49,0.56,0.8
16-05-2024,1.56,0,0
17-05-2024,1.28,0,0
21-05-2024,1,0,0
22-05-2024,0.69,0,0
23-05-2024,0,0,0
24-05-2024,0.05,0,0
27-05-2024,0.15,0,0
28-05-2024,0.35,0.86,0.89
29-05-2024,1.16,1.57,1.22
30-05-2024,2.13,2.64,2.6
31-05-2024,1.94,2.38,2.04
03-06-2024,0,0,0
04-06-2024,6.3,10.31,8.55
05-06-2024,2.85,5.66,4.07
06-06-2024,1.94,3.51,1.79
07-06-2024,0,2.02,0.3
10-06-2024,0.13,1.26,0.22
11-06-2024,0.11,1.35,0
12-06-2024,0,0.6,0
13-06-2024,0,0,0
14-06-2024,0,0,0
18-06-2024,0,0,0
19-06-2024,0.18,1.13,0.98
20-06-2024,0,1,0.03
21-06-2024,0.28,1.74,0.11
24-06-2024,0.12,0.98,0
25-06-2024,0,1.38,0.38
26-06-2024,0,1.56,0.6
27-06-2024,0,1.41,0.28
28-06-2024,0.14,1.15,0
01-07-2024,0,0.21,0
02-07-2024,0.08,0.75,0.78
03-07-2024,0,0,0
04-07-2024,0,0,0
05-07-2024,0,0,0
08-07-2024,0.01,0,0.35
09-07-2024,0,0,0.02
10-07-2024,0.45,0,0.3
11-07-2024,0.48,0,0
12-07-2024,0,0.44,0
15-07-2024,0,0,0
16-07-2024,0,0.6,0
18-07-2024,0,1.72,0.97
19-07-2024,1.1,4.22,3.14
22-07-2024,1.19,2.91,1.84
23-07-2024,1.31,3.82,2.45
24-07-2024,1.59,3.51,1.39
25-07-2024,1.62,2.99,1.63
26-07-2024,0,1.32,0
29-07-2024,0,0.11,0
30-07-2024,0,0.2,0
31-07-2024,0,0,0
01-08-2024,0,0.66,0.86
02-08-2024,1.19,1.99,1.86
05-08-2024,3.97,5.43,5.61
06-08-2024,4.24,6.41,6.26
07-08-2024,2.94,3.3,3.72
08-08-2024,3.71,4.12,4.07
09-08-2024,2.64,2.85,3.18
12-08-2024,2.73,3.25,2.9
13-08-2024,3.61,4.44,3.71
14-08-2024,3.59,4.39,4.32
16-08-2024,1.91,2.53,2.32
19-08-2024,1.78,1.93,2.13
20-08-2024,1.26,1.1,1.28
21-08-2024,0.97,0.82,0.94
22-08-2024,0.8,0.17,0.25
23-08-2024,0.76,0.52,0.74
26-08-2024,0,0.03,0.1
27-08-2024,0,0,0
28-08-2024,0,0,0.12
29-08-2024,0,0.25,0.57
30-08-2024,0,0,0
02-09-2024,0,0,0.23
03-09-2024,0,0,0
04-09-2024,0.32,0,0.13
05-09-2024,0.54,0,0
06-09-2024,1.72,1.38,1.62
09-09-2024,1.38,1.22,1.89
10-09-2024,0.95,1,0.69
11-09-2024,1.45,1.52,0.87
12-09-2024,0,0.05,0
13-09-2024,0.13,0.08,0
16-09-2024,0.02,0.03,0
17-09-2024,0,0.3,0.13
18-09-2024,0.16,0.73,0.85
19-09-2024,0.01,1.43,1.53
20-09-2024,0,0.01,0.08
23-09-2024,0,0,0
24-09-2024,0,0,0
25-09-2024,0,0.37,0.64
26-09-2024,0,0,0.63
27-09-2024,0.14,0,0.78
30-09-2024,1.57,0.93,1.16
01-10-2024,1.62,0.68,0.82
03-10-2024,3.83,3.13,3.09
04-10-2024,4.8,4.28,4.06
07-10-2024,5.73,6.76,6.2
08-10-2024,4.81,4.31,3.95
09-10-2024,4.94,3.19,2.96
10-10-2024,4.87,3.37,3.25
11-10-2024,5.01,3.23,2.77
14-10-2024,4.33,2.86,2.33
15-10-2024,4.62,2.58,2.11
16-10-2024,4.98,2.79,2.35
17-10-2024,5.92,5.14,4.08
18-10-2024,5.48,4.75,3.75
21-10-2024,5.79,6.18,5.5
22-10-2024,7.13,9.35,8.33
23-10-2024,7.29,9.77,7.64
24-10-2024,7.45,9.86,7.99
25-10-2024,8.42,11.61,10.08
28-10-2024,7.71,11.11,9.18
29-10-2024,7.15,10.31,8.18
30-10-2024,7.7,10.74,8.01
31-10-2024,8.31,11.3,8.44
01-11-2024,7.87,10.53,7.71
04-11-2024,9.25,12.09,9.08
05-11-2024,8.27,11.48,8.44
06-11-2024,7.07,9,6.09
07-11-2024,8.33,10.15,6.55
08-11-2024,8.56,11.52,7.98
11-11-2024,8.59,11.2,8.95
12-11-2024,9.77,13.68,10.12
13-11-2024,11.28,15.96,13.1
14-11-2024,11.4,15.44,12.6
18-11-2024,11.78,15.33,12.59
19-11-2024,11.47,14.81,11.55
21-11-2024,12.27,16.55,11.89
22-11-2024,9.66,14.4,10.6
25-11-2024,8.23,12.22,8.86
26-11-2024,8.36,11.93,8.83
27-11-2024,8,10.87,8.14
28-11-2024,9.63,10.76,8.08
29-11-2024,8.64,10.02,7.91
02-12-2024,7.99,9.34,6.75
03-12-2024,7.19,8.24,5.81
04-12-2024,7.15,7.71,4.71
05-12-2024,6.1,7.35,4.12
06-12-2024,6.23,6.53,3.66
09-12-2024,6.49,7.02,3.14
10-12-2024,6.53,6.45,2.9
11-12-2024,6.39,6.17,2.63
12-12-2024,6.79,6.47,3.1
13-12-2024,5.85,6.64,3.15
16-12-2024,6.27,6.37,2.37
17-12-2024,7.73,7.79,2.96
18-12-2024,8.34,9.21,3.62
19-12-2024,9.45,10.18,3.92
20-12-2024,11.14,13.26,6.93
23-12-2024,10.37,12.95,6.58
24-12-2024,10.49,13.01,6.65
26-12-2024,10.38,12.5,6.52
27-12-2024,10.09,13.5,6.79
30-12-2024,10.87,14.32,6.4
31-12-2024,10.87,14.45,6.38
02-01-2025,8.38,12.6,4.72
03-01-2025,9.21,12.46,5.04
06-01-2025,11.01,16.14,7.95
07-01-2025,10.58,16.25,7
08-01-2025,10.67,17.18,8.14
09-01-2025,11.43,18.7,9.16
10-01-2025,11.88,21.1,11.48
13-01-2025,13.56,26.56,16.15
14-01-2025,13.12,23.35,13.37
15-01-2025,12.94,22.27,12.9
16-01-2025,12.46,20.52,11.69
17-01-2025,12.98,19.61,11.43
20-01-2025,12.3,19.52,10.42
21-01-2025,13.86,22.72,13.03
22-01-2025,13.22,23.78,14.57
23-01-2025,12.97,22.54,12.48
24-01-2025,13.53,24.51,14.25
27-01-2025,14.84,28.13,17.48
28-01-2025,14.2,27.75,18.09
29-01-2025,13.18,25.22,15.43
30-01-2025,12.76,25.12,15.44
31-01-2025,11.52,23.26,13.29
03-02-2025,12.22,24.23,14.84
04-02-2025,10.43,22.35,13.08
05-02-2025,10.63,21.56,12.31
06-02-2025,11.07,22.47,13.74
07-02-2025,11.27,22.44,13.51
10-02-2025,12.12,24.72,15.97
11-02-2025,13.63,27.92,19.58
12-02-2025,13.76,27.93,19.89
13-02-2025,13.83,27.67,19.59
14-02-2025,14.33,30.65,22.55
17-02-2025,14.18,30.9,22.07
18-02-2025,14.25,30.89,22.31
19-02-2025,14.32,29.35,20.43
20-02-2025,14.41,27.48,18.93
21-02-2025,15,28.69,20.53
24-02-2025,16.24,30.23,21.67
25-02-2025,16.27,31.19,22.43
27-02-2025,16.28,32.41,23.84
28-02-2025,18.49,36.36,27
03-03-2025,18.52,34.98,26.81
04-03-2025,18.72,34.24,26.75
05-03-2025,17.36,30.91,23.76
06-03-2025,16.28,29.44,23.31
07-03-2025,16.24,30.01,23.7
10-03-2025,16.72,31.95,25.62
11-03-2025,16.53,31.28,24.79
12-03-2025,16.67,31.27,25.5
13-03-2025,17.05,31.94,26.44
17-03-2025,16.47,30.98,25.56
18-03-2025,14.81,27.62,22.89
19-03-2025,14.44,25.6,19.74
20-03-2025,13.05,24.88,18.98
21-03-2025,12.27,23.8,17.36
24-03-2025,10.81,22.27,15.85
25-03-2025,10.76,24.1,17.09
26-03-2025,11.62,24.58,17.82
27-03-2025,11.12,22.65,17.38
28-03-2025,11.47,23.43,17.76
01-04-2025,13.17,24.76,18.78
02-04-2025,12.36,23.34,16.9
03-04-2025,12.76,23.31,16.66
04-04-2025,14.46,26.59,20.15
07-04-2025,18.29,30.68,24.67
08-04-2025,16.33,27.97,22.1
09-04-2025,17.04,28.27,22.73
11-04-2025,14.84,26.58,20.49
15-04-2025,12.38,22.78,17.08
16-04-2025,11.86,21.97,16.25
17-04-2025,9.91,21.1,15.56
21-04-2025,8.67,18.97,12.74
22-04-2025,8.48,18.71,11.86
23-04-2025,7.76,17.9,10.56
24-04-2025,8.12,18.08,10.7
25-04-2025,9.05,20.99,13.59
28-04-2025,7.76,19.63,11.78
29-04-2025,7.73,19.91,11.47
30-04-2025,7.73,20.62,12.43
02-05-2025,7.68,20.77,13.31
05-05-2025,7.17,18.97,11.29
06-05-2025,7.53,21.92,13.88
07-05-2025,7.38,21.33,12.09
08-05-2025,8,23.98,14.32
09-05-2025,9.2,24.45,14.33
12-05-2025,5.18,19.57,9.81
13-05-2025,6.66,19.59,9.6
14-05-2025,6.28,18.72,8.4
15-05-2025,4.6,17.5,7.64
16-05-2025,4.78,16,6.64
19-05-2025,5.09,15.44,6.56
20-05-2025,6.21,17.6,8.31
21-05-2025,5.65,16.24,7.47
22-05-2025,6.53,16.63,8.04
23-05-2025,5.48,15.97,7.34
26-05-2025,4.86,15.5,6.63
27-05-2025,5.6,15.81,6.47
28-05-2025,5.91,16.15,6.49
29-05-2025,5.57,15.98,5.91
30-05-2025,5.92,16.55,5.97
02-06-2025,6.07,16.07,5.32
03-06-2025,6.82,16.71,5.8
04-06-2025,6.48,16.37,5.05
05-06-2025,5.92,15.88,4.37
06-06-2025,4.85,14.44,3.12
09-06-2025,4.43,13.03,1.97
10-06-2025,4.43,12.9,1.96
11-06-2025,4.27,13.15,2.46
12-06-2025,5.34,15.22,4.12
13-06-2025,6.06,16.18,4.51
16-06-2025,5.09,15.33,3.54
17-06-2025,5.48,16.15,4.23
18-06-2025,5.66,16.51,4.72
19-06-2025,5.74,18.17,6.46
20-06-2025,4.39,16.6,4.92
23-06-2025,4.98,16.52,4.54
24-06-2025,4.68,15.54,3.8
25-06-2025,3.85,14.99,3.34
26-06-2025,2.61,13.94,2.74
27-06-2025,2.26,13.24,2.47
30-06-2025,2.74,12.78,1.86
01-07-2025,2.64,12.89,1.84
02-07-2025,3,13.22,1.98
03-07-2025,3.19,13.84,1.96
04-07-2025,2.97,13.42,1.97
07-07-2025,2.96,13.22,2.24
08-07-2025,2.72,13.23,2.42
09-07-2025,2.9,13.3,2.55
10-07-2025,3.39,13.56,2.86
11-07-2025,4.24,14.49,3.77
14-07-2025,4.52,13.95,3.05
15-07-2025,4.05,13.22,2.08
16-07-2025,3.98,12.98,2.06
17-07-2025,4.4,13.25,2.24
18-07-2025,5,14.05,2.95
21-07-2025,4.49,13.59,2.32
22-07-2025,4.61,14.01,2.96
23-07-2025,3.95,13.82,2.6
24-07-2025,4.6,14.08,3.21
25-07-2025,5.55,15.89,4.9
28-07-2025,6.22,16.54,5.79
29-07-2025,5.62,15.49,4.94
30-07-2025,5.48,15.39,5.02
31-07-2025,5.84,15.97,6.01
01-08-2025,6.72,17.56,7.44
04-08-2025,6.04,16.28,5.95
05-08-2025,6.36,16.55,6.37
06-08-2025,6.68,17.58,7.23
07-08-2025,6.59,17.3,6.87
08-08-2025,7.6,18.77,8.66
11-08-2025,6.63,17.39,7.74
12-08-2025,7.06,17.5,8.04
13-08-2025,6.49,16.8,7.36
14-08-2025,6.43,16.99,7.69
18-08-2025,5.38,15.45,6.54
19-08-2025,4.95,14.59,5.53
20-08-2025,4.65,14.16,5.04
21-08-2025,4.51,14.48,5.44
22-08-2025,5.41,15.21,5.59
